audio_id	path	book_id	曲名	全長	分布	季節	環境
1_01	db/日本野鳥大鑑1/01 アビ.wav	1	01 アビ	63㎝	全国	冬鳥	外洋、内湾
1_02	db/日本野鳥大鑑1/02 カイツブリ.wav	1	02 カイツブリ	26㎝	全国。北日本は夏のみ	留鳥または漂鳥	河川、湖沼
1_03	db/日本野鳥大鑑1/03 アカエリカイツブリ.wav	1	03 アカエリカイツブリ	47㎝	全国。繁殖は北海道、越冬は本州以南	北海道で夏鳥。全国で冬鳥	繁殖は湖沼、越冬は内湾
1_04	db/日本野鳥大鑑1/04 カンムリカイツブリ.wav	1	04 カンムリカイツブリ	56㎝	繁殖は青森県。越冬は本州以南	冬鳥。青森県では夏鳥	湖沼、河川、内湾
1_05	db/日本野鳥大鑑1/05 アホウドリ.wav	1	05 アホウドリ	91.5㎝、翼開長213㎝	東京都鳥島、沖縄県尖閣諸島で繁殖。　そのほかは北部太平洋	10月から６月に繁殖地	繁殖期は離島。繁殖期以外は外洋を回遊
1_06	db/日本野鳥大鑑1/06 クロアシアホウドリ.wav	1	06 クロアシアホウドリ	78.5㎝、翼開長200㎝	小笠原諸島周辺などで繁殖。初夏に太平洋側の海岸	10月から５月に繁殖地周辺。そのほかは旅鳥	繁殖期は離島。繁殖期以外は外洋
1_07	db/日本野鳥大鑑1/07 オオミズナギドリ.wav	1	07 オオミズナギドリ	49㎝、翼開長122㎝	ほぼ全国	留鳥。繁殖地では２月から１１月	繁殖期は離島。繁殖期以外は外洋、内湾	CD08 オナガミズナギドリがCDから抜けている
1_08	db/日本野鳥大鑑1/08 ヒメクロウミツバメ.wav	1	08 ヒメクロウミツバメ	20㎝、翼開長45㎝	本州の東北地方、日本海の島	夏鳥	繁殖期は離島、その周辺の外洋
1_09	db/日本野鳥大鑑1/09 コシジロウミツバメ.wav	1	09 コシジロウミツバメ	20.5㎝、翼開長48㎝	北海道大黒島が大繁殖地。岩手県日出島、三貫島で少数が繁殖。越冬は太平洋沿岸	繁殖地では5月から10月。そのほかでは越冬	繁殖期は離島。繁殖期以外は外洋
1_10	db/日本野鳥大鑑1/10 コシジロウミツバメ.wav	1	10 コシジロウミツバメ					09と同様
1_11	db/日本野鳥大鑑1/11 クロコシジロウミツバメ.wav	1	11 クロコシジロウミツバメ	19㎝、翼開長46㎝	東北地方、特に岩手県沖の太平洋	夏鳥	繁殖期は離島。繁殖期以外は外洋
1_12	db/日本野鳥大鑑1/12 オーストンウミツバメ.wav	1	12 オーストンウミツバメ	25.5㎝、翼開長56㎝	伊豆諸島、硫黄列島で繁殖し、その周辺の海洋	留鳥。秋から冬が繁殖期	繁殖期は離島。繁殖期以外は外洋
1_13	db/日本野鳥大鑑1/13 カツオドリ.wav	1	13 カツオドリ	73㎝、翼開長145㎝	東京都伊豆諸島、小笠原諸島、硫黄列島、鹿児島県の草垣島、沖縄県仲ノ神島、尖閣諸島で繁殖	繁殖期は地域で異なり、それぞれの繁殖期に見られる。	繁殖期は離島。繁殖期以外は外洋
1_14	db/日本野鳥大鑑1/14 カワウ.wav	1	14 カワウ	82㎝	本州以南	東北地方では夏鳥、九州では冬鳥、そのほかでは留鳥	湖沼、河川、内湾。繁殖は林
1_15	db/日本野鳥大鑑1/15 ウミウ.wav	1	15 ウミウ	84㎝	全国	留鳥または漂鳥	海岸、内湾。繁殖は海辺の断崖
1_16	db/日本野鳥大鑑1/16 チシマウガラス.wav	1	16 チシマウガラス	76㎝	繁殖は北海道東部。越冬は北海道、本州北部	留鳥または冬鳥	岩礁海岸、内湾
1_17	db/日本野鳥大鑑1/17 サンカノゴイ.wav	1	17 サンカノゴイ	70㎝	北海道、滋賀県で繁殖が確認され、茨城県、千葉県で繁殖期に記録がある。本州以南で越冬	北海道で夏鳥。本州では一部繁殖しているがおもに冬鳥	湖沼周辺のアシ原
1_18	db/日本野鳥大鑑1/18 ヨシゴイ.wav	1	18 ヨシゴイ	36.5㎝	全国	夏鳥	湖沼周辺のアシ原や休耕田
1_19	db/日本野鳥大鑑1/19 オオヨシゴイ.wav	1	19 オオヨシゴイ	39㎝	本州中部地方以北で局地的	夏鳥	アシ原
1_20	db/日本野鳥大鑑1/20 リュウキュウヨシゴイ.wav	1	20 リュウキュウヨシゴイ	40㎝	奄美大島以南と硫黄列島、南鳥島	留鳥	アシ原、水田などの湿地
1_21	db/日本野鳥大鑑1/21 ミゾゴイ.wav	1	21 ミゾゴイ	49㎝	本州以南、九州まで	夏鳥	丘陵地から山林の森林
1_22	db/日本野鳥大鑑1/22 ズグロミゾゴイ.wav	1	22 ズグロミゾゴイ	47㎝	沖縄県石垣島、西表島、黒島	留鳥	森林
1_23	db/日本野鳥大鑑1/23 ゴイサギ.wav	1	23 ゴイサギ	57.5㎝	本州以南。北日本は夏	留鳥または漂鳥、夏鳥	河川、湖沼
1_24	db/日本野鳥大鑑1/24 ササゴイ.wav	1	24 ササゴイ	52㎝	本州以南	夏鳥。少数が越冬	河川、池沼
1_25	db/日本野鳥大鑑1/25 アマサギ.wav	1	25 アマサギ	50.5㎝	関東地方以南の太平洋側	夏鳥。越冬するものもある	平地の水田、草地。ほかのシラサギ類に比べ乾燥した環境を好む
1_26	db/日本野鳥大鑑1/26 ダイサギ.wav	1	26 ダイサギ	90㎝	本州以南	留鳥	湖沼、干潟、水田
1_27	db/日本野鳥大鑑1/27 チュウサギ.wav	1	27 チュウサギ	68.5㎝	本州以南	夏鳥。少数が越冬	湖沼、干潟、水田、河川
1_28	db/日本野鳥大鑑1/28 コサギ.wav	1	28 コサギ	61㎝	東北地方南部以南	留鳥	湖沼、干潟、水田
1_29	db/日本野鳥大鑑1/29 クロサギ.wav	1	29 クロサギ	62.5㎝	本州以南	留鳥	岩礁海岸
1_30	db/日本野鳥大鑑1/30 アオサギ.wav	1	30 アオサギ	93㎝、翼開長160㎝	全国	本州で留鳥、北海道で夏鳥、九州で冬鳥	湖沼、干潟、水田
1_31	db/日本野鳥大鑑1/31 コウノトリ.wav	1	31 コウノトリ	112㎝、翼開長195㎝	全国	おもに冬鳥	農耕地、河川敷、湖沼
1_32	db/日本野鳥大鑑1/32 ヘラサギ.wav	1	32 ヘラサギ	86㎝、翼開長148㎝	ユーラシア大陸からアフリカ大陸に広く分布。日本では全国にまれに渡来する	冬鳥（記録は10月～1月）	干潟、河口、農耕地、湖沼
1_33	db/日本野鳥大鑑1/33 トキ.wav	1	33 トキ	76.5㎝	新潟県佐渡島で飼育	留鳥	農耕地など
1_34	db/日本野鳥大鑑1/34 クロトキ.wav	1	34 クロトキ	68㎝	全国	おもに冬鳥	水田、湿地、干潟など水辺
1_35	db/日本野鳥大鑑1/35 カナダガン.wav	1	35 カナダガン	67㎝	北アメリカに広く分布。日本では少数が渡来	冬鳥	湖沼、農耕地
1_36	db/日本野鳥大鑑1/36 コクガン.wav	1	36 コクガン	61㎝	全国	冬鳥	内湾、岩礁海岸
1_37	db/日本野鳥大鑑1/37 ハイイロガン.wav	1	37 ハイイロガン	84㎝	全国	冬鳥	農耕地、湖沼
1_38	db/日本野鳥大鑑1/38 マガン.wav	1	38 マガン	72㎝	宮城県伊豆沼、石川県片野鴨池の2か所に多く、北海道の湖沼では春と秋に通過	冬鳥。北海道では旅鳥	湖沼、農耕地
1_39	db/日本野鳥大鑑1/39 カリガネ.wav	1	39 カリガネ	58.5㎝	ほぼ全国	冬鳥	湖沼
1_40	db/日本野鳥大鑑1/40 ヒシクイ.wav	1	40 ヒシクイ	85㎝	宮城県伊豆沼、新潟県や石川県の湖沼、茨城県の農耕地など局地的	冬鳥（北海道では旅鳥）	湖沼、農耕地
1_41	db/日本野鳥大鑑1/41 オオヒシクイ.wav	1	41 オオヒシクイ					詳細記載なし
1_42	db/日本野鳥大鑑1/42 インドガン.wav	1	42 インドガン	76㎝	北海道、長野県、東京都、千葉県、広島県で記録されている	冬鳥または旅鳥	湖沼、河川などの水辺
1_43	db/日本野鳥大鑑1/43 ハクガン.wav	1	43 ハクガン	67㎝	全国	冬鳥	湖沼、農耕地
1_44	db/日本野鳥大鑑1/44 ミカドガン.wav	1	44 ミカドガン	66～89㎝	宮城県仙台市で１例の記録があるのみ	冬鳥	左記の記録では水田
1_45	db/日本野鳥大鑑1/45 オオハクチョウ.wav	1	45 オオハクチョウ	140㎝	北陸地方、関東地方以北の本州	冬鳥	湖沼、内湾、農耕地
1_46	db/日本野鳥大鑑1/46 コハクチョウ.wav	1	46 コハクチョウ	120㎝	山陰地方以北の本州	冬鳥	湖沼、内湾、農耕地
1_47	db/日本野鳥大鑑1/47 アカツクシガモ.wav	1	47 アカツクシガモ	63.5㎝	ほぼ全国	冬鳥	埋立地、農耕地、湖沼
1_48	db/日本野鳥大鑑1/48 オシドリ.wav	1	48 オシドリ	45㎝	中部地方以北で繁殖。本州以南で越冬	漂鳥または冬鳥	湖沼
1_49	db/日本野鳥大鑑1/49 マガモ.wav	1	49 マガモ	59㎝	全国	留鳥または冬鳥	湖沼、河川
1_50	db/日本野鳥大鑑1/50 カルガモ.wav	1	50 カルガモ	60.5㎝	全国	留鳥	湖沼、河川
1_51	db/日本野鳥大鑑1/51 コガモ.wav	1	51 コガモ	37.5㎝	全国。少数が北日本で繁殖	おもに冬鳥	河川、湖沼、干潟
1_52	db/日本野鳥大鑑1/52 ヨシガモ.wav	1	52 ヨシガモ	48㎝	北海道で繁殖、本州以南で越冬	北海道で夏鳥、そのほかで冬鳥	繁殖地は湖沼、湿原。越冬地は湖沼、河口
1_53	db/日本野鳥大鑑1/53 ヒドリガモ.wav	1	53 ヒドリガモ	48.5㎝	全国	冬鳥	湖沼、内湾、河川
1_54	db/日本野鳥大鑑1/54 オナガガモ.wav	1	54 オナガガモ	雄75㎝、雌53㎝	全国	冬鳥	湖沼
1_55	db/日本野鳥大鑑1/55 ホシハジロ.wav	1	55 ホシハジロ	45㎝	全国（北海道で繁殖、本州以南で越冬）	北海道で夏鳥、その他で冬鳥	越冬地は内湾、河口、池沼、湖沼など。繁殖地は湖沼など
1_56	db/日本野鳥大鑑1/56 キンクロハジロ.wav	1	56 キンクロハジロ	40㎝	全国。北海道で繁殖、本州以南で越冬	北海道で夏鳥、その他で冬鳥	越冬地は内湾、河口、池沼、湖沼など。繁殖地は湖沼など
1_57	db/日本野鳥大鑑1/57 スズガモ.wav	1	57 スズガモ	45㎝	全国。本州以南で越冬	冬鳥	内湾、河口など海水から汽水域
1_58	db/日本野鳥大鑑1/58 クロガモ.wav	1	58 クロガモ	48㎝	全国	おもに冬鳥。北海道で少数が繁殖、時に本州で越夏記録がある	内湾、外洋
1_59	db/日本野鳥大鑑1/59 シノリガモ.wav	1	59 シノリガモ	43㎝	全国	おもに冬鳥。東北地方で少数が繁殖	外洋に面した岩礁海岸、繁殖は渓流
1_60	db/日本野鳥大鑑1/60 コオリガモ.wav	1	60 コオリガモ	雄60㎝、雌38㎝	北海道、東北地方	冬鳥	内湾や外洋に面した海岸
1_61	db/日本野鳥大鑑1/61 カワアイサ.wav	1	61 カワアイサ	65㎝	全国。北海道で繁殖、本州以南で越冬	北海道で留鳥、その他で冬鳥	越冬地は湖沼、河口。繁殖地は湖沼や河川の周辺
2_01	db/日本野鳥大鑑2/01 ミサゴ.wav	2	01 ミサゴ	雄55㎝、雌64㎝。翼開長155～175㎝	全国	留鳥または漂鳥。北海道では夏鳥	海岸、大きな湖沼
2_02	db/日本野鳥大鑑2/02 ハチクマ.wav	2	02 ハチクマ	雄57㎝、雌61㎝。翼開長121～135㎝	本州、北海道で繁殖	夏鳥	低い山から丘陵地などの山地の森林
2_03	db/日本野鳥大鑑2/03 トビ.wav	2	03 トビ	雄58.5㎝、雌68.5㎝。翼開長157～162㎝	全国	留鳥または漂鳥	海岸から山地まで幅広い環境
2_04	db/日本野鳥大鑑2/04 オジロワシ.wav	2	04 オジロワシ	雄80㎝、雌94㎝。翼開長180～230㎝	繁殖は北海道。越冬は全国だが、おもに北日本	留鳥または冬鳥	海岸、河口、干拓地、湖沼などおもに水辺
2_05	db/日本野鳥大鑑2/05 オオワシ.wav	2	05 オオワシ	雄88㎝、雌102㎝。翼開長220～245㎝	全国。北日本	冬鳥	海岸、湖沼、河川などの水辺
2_06	db/日本野鳥大鑑2/06 オオタカ.wav	2	06 オオタカ	雄50㎝、雌56.5㎝。翼開長105～130㎝	全国。繁殖は本州と北海道、四国	留鳥または漂鳥	平地、丘陵地から山地の森林で繁殖。冬は農耕地、都会の公園など
2_07	db/日本野鳥大鑑2/07 アカハラダカ.wav	2	07 アカハラダカ	30㎝	おもに九州西部、対馬、南西諸島など南日本の島	旅鳥	繁殖地は森林。通過の場合はさまざまな環境の上空を飛ぶが、翼を休めるのは林
2_08	db/日本野鳥大鑑2/08 ツミ.wav	2	08 ツミ	雄27㎝、雌30㎝。翼開長51～63㎝	全国	留鳥または漂鳥	平地から山地の森林
2_09	db/日本野鳥大鑑2/09 ハイタカ.wav	2	09 ハイタカ	雄31.5㎝、雌39㎝。翼開長62～76㎝	全国。繁殖は本州以北	留鳥または漂鳥	山地の森林
2_10	db/日本野鳥大鑑2/10 ノスリ.wav	2	10 ノスリ	54㎝、翼開長122～137㎝	繁殖は四国、本州以北、越冬は全国	留鳥または漂鳥	夏は低山から山地、冬は山地と平地の農耕地、草原
2_11	db/日本野鳥大鑑2/11 オガサワラノスリ.wav	2	11 オガサワラノスリ					詳細記載なし
2_12	db/日本野鳥大鑑2/12 サシバ.wav	2	12 サシバ	49㎝、翼開長102.5㎝～115㎝	東北地方以南	夏鳥。南西諸島では越冬	低山、丘陵地の森林
2_13	db/日本野鳥大鑑2/13 クマタカ.wav	2	13 クマタカ	雄72㎝、雌80㎝。翼開長140～165㎝	全国。繁殖は九州以北	留鳥または漂鳥	山地の森林
2_14	db/日本野鳥大鑑2/14 イヌワシ.wav	2	14 イヌワシ	雄81㎝、雌89㎝。翼開長170～213㎝	ほぼ全国	留鳥または漂鳥	山地
2_15	db/日本野鳥大鑑2/15 カンムリワシ.wav	2	15 カンムリワシ	55㎝	石垣島、西表島	留鳥	森林から農耕地など
2_16	db/日本野鳥大鑑2/16 ハヤブサ.wav	2	16 ハヤブサ	雄38㎝、雌51㎝。翼開長84～120㎝	繁殖は本州以北。越冬は全国	留鳥または漂鳥	繁殖はおもに海辺の断崖。越冬は平地の農耕地、河口、干潟、湖沼など
2_17	db/日本野鳥大鑑2/17 チゴハヤブサ.wav	2	17 チゴハヤブサ	28～31㎝、翼開長69～76㎝	繁殖は北海道、東北地方。越冬は本州中部地方以南	漂鳥	牧場などの農耕地、草原、河口など開けた環境
2_18	db/日本野鳥大鑑2/18 チョウゲンボウ.wav	2	18 チョウゲンボウ	雄30㎝、雌33㎝。翼開長69～74㎝	全国	留鳥または漂鳥	平地から山地の農耕地、河川敷など開けた環境
2_19	db/日本野鳥大鑑2/19 ライチョウ.wav	2	19 ライチョウ	37㎝	本州中部地方の日本アルプスなど	留鳥	高山
2_20	db/日本野鳥大鑑2/20 エゾライチョウ.wav	2	20 エゾライチョウ	36㎝	北海道	留鳥	平地から高山の林
2_21	db/日本野鳥大鑑2/21 ウズラ.wav	2	21 ウズラ	20㎝	繁殖は北海道から九州。越冬は本州から九州	留鳥または漂鳥	河川敷の草原、山地や丘陵地の草地、農耕地など
2_22	db/日本野鳥大鑑2/22 ヤマドリ.wav	2	22 ヤマドリ	雄125㎝、雌55㎝	本州以南	留鳥	平地から山地の林
2_23	db/日本野鳥大鑑2/23 キジ.wav	2	23 キジ	雄80㎝、雌60㎝	本州以南、屋久島まで	留鳥	平地から丘陵地の草原、農耕地、ゴルフ場など開けた環境
2_24	db/日本野鳥大鑑2/24 ミフウズラ.wav	2	24 ミフウズラ	14㎝	南西諸島	留鳥	農耕地、草原
2_25	db/日本野鳥大鑑2/25 クロヅル.wav	2	25 クロヅル	114㎝	ほぼ全国	冬鳥	水田、干拓地など
2_26	db/日本野鳥大鑑2/26 タンチョウ.wav	2	26 タンチョウ	140㎝	北海道東部	留鳥	湿原、干潟、河川の中州などの水辺や牧場などの開けた環境
2_27	db/日本野鳥大鑑2/27 ナベヅル.wav	2	27 ナベヅル	96.5㎝	おもに鹿児島県出水、山口県八代に局地的	冬鳥	干拓地、水田
2_28	db/日本野鳥大鑑2/28 カナダヅル.wav	2	28 カナダヅル	90㎝	北海道、九州など各地	冬鳥	農耕地、干拓地など開けた環境
2_29	db/日本野鳥大鑑2/29 マナヅル.wav	2	29 マナヅル	120㎝	おもに鹿児島県出水	冬鳥	干拓地、農耕地
2_30	db/日本野鳥大鑑2/30 ソデグロヅル.wav	2	30 ソデグロヅル	135㎝	北海道、本州、九州	冬鳥	水田、干拓地、干潟
2_31	db/日本野鳥大鑑2/31 クイナ.wav	2	31 クイナ	29㎝	全国	北海道、本州北部で夏鳥。本州以南で冬鳥	草原、農耕地
2_32	db/日本野鳥大鑑2/32 ヤンバルクイナ.wav	2	32 ヤンバルクイナ	30㎝	沖縄本島北部	留鳥	森林
2_33	db/日本野鳥大鑑2/33 オオクイナ.wav	2	33 オオクイナ	26㎝	沖縄県石垣島、西表島、竹富島などの八重山諸島	留鳥	森林
2_34	db/日本野鳥大鑑2/34 ヒクイナ.wav	2	34 ヒクイナ	22.5㎝	全国	夏鳥	平地から山地の水田、湿原
2_35	db/日本野鳥大鑑2/35 リュウキュウヒクイナ.wav	2	35 リュウキュウヒクイナ					詳細記載なし
2_36	db/日本野鳥大鑑2/36 シマクイナ.wav	2	36 シマクイナ	12.5㎝	全国	冬鳥	水田、アシ原
2_37	db/日本野鳥大鑑2/37 シロハラクイナ.wav	2	37 シロハラクイナ	32.5㎝	南西諸島、九州など日本南部	留鳥または漂鳥	平地の水田、河川などの水辺。沖縄県ではマングローブ林でも
2_38	db/日本野鳥大鑑2/38 ツルクイナ.wav	2	38 ツルクイナ	40㎝	おもに南西諸島南部。全国でまれ	南西諸島では留鳥。そのほかでは旅鳥	草地、水田、牧場など比較的乾燥した草原
2_39	db/日本野鳥大鑑2/39 バン.wav	2	39 バン	32.5㎝	全国。北日本は夏のみ	夏鳥または留鳥	平地の湖沼
2_40	db/日本野鳥大鑑2/40 オオバン.wav	2	40 オオバン	39㎝	全国。北海道では夏のみ	留鳥または漂鳥	平地の湖沼
2_41	db/日本野鳥大鑑2/41 タマシギ.wav	2	41 タマシギ	23.5㎝	本州中部以南	留鳥または漂鳥	水田、湿地
2_42	db/日本野鳥大鑑2/42 ミヤコドリ.wav	2	42 ミヤコドリ	23.5㎝	全国	旅鳥または冬鳥	岩礁海岸、干潟、砂浜
2_43	db/日本野鳥大鑑2/43 コチドリ.wav	2	43 コチドリ	16㎝	全国	夏鳥	河川
2_44	db/日本野鳥大鑑2/44 イカルチドリ.wav	2	44 イカルチドリ	20.5㎝	全国。北海道では夏	留鳥または漂鳥	河川中流
2_45	db/日本野鳥大鑑2/45 シロチドリ.wav	2	45 シロチドリ	17.5㎝	全国。北海道では夏	留鳥または漂鳥	河川、河口、干潟
2_46	db/日本野鳥大鑑2/46 メダイチドリ.wav	2	46 メダイチドリ	19.5㎝	全国	旅鳥	干潟
2_47	db/日本野鳥大鑑2/47 ムナグロ.wav	2	47 ムナグロ	24㎝	全国	旅鳥	水田、河原、干潟
2_48	db/日本野鳥大鑑2/48 ダイゼン.wav	2	48 ダイゼン	29.5㎝	全国。関東地方以南で越冬	旅鳥または留鳥	干潟
2_49	db/日本野鳥大鑑2/49 ケリ.wav	2	49 ケリ	35.5㎝	本州	留鳥	水田、河原、草地、干潟
2_50	db/日本野鳥大鑑2/50 タゲリ.wav	2	50 タゲリ	31.5㎝	本州以南。北陸地方、関東地方では繁殖記録がある	おもに冬鳥	水田、干潟
2_51	db/日本野鳥大鑑2/51 キョウジョシギ.wav	2	51 キョウジョシギ	22㎝	全国	旅鳥	干潟、海岸
2_52	db/日本野鳥大鑑2/52 トウネン.wav	2	52 トウネン	15㎝	全国	旅鳥	干潟
2_53	db/日本野鳥大鑑2/53 ハマシギ.wav	2	53 ハマシギ	21㎝	全国	冬鳥	干潟
2_54	db/日本野鳥大鑑2/54 ミユビシギ.wav	2	54 ミユビシギ	19㎝	本州の太平洋側、四国、九州	旅鳥あるいは冬鳥	砂浜、干潟
2_55	db/日本野鳥大鑑2/55 ツルシギ.wav	2	55 ツルシギ	32.5㎝	全国	旅鳥	干潟、水田、湿地
2_56	db/日本野鳥大鑑2/56 アカアシシギ.wav	2	56 アカアシシギ	27.5㎝	全国。北海道東部で繁殖	夏鳥または旅鳥	干潟、繁殖は湿地
2_57	db/日本野鳥大鑑2/57 アオアシシギ.wav	2	57 アオアシシギ	35㎝	全国	旅鳥	干潟、水田
2_58	db/日本野鳥大鑑2/58 タカブシギ.wav	2	58 タカブシギ	21.5㎝	全国	旅鳥。越冬例もある	干潟、埋立地
2_59	db/日本野鳥大鑑2/59 キアシシギ.wav	2	59 キアシシギ	25㎝	全国	旅鳥	干潟、河川、岩礁
2_60	db/日本野鳥大鑑2/60 イソシギ.wav	2	60 イソシギ	20㎝	繁殖は全国。越冬は東北地方以南	夏鳥または漂鳥	河川中流、海岸
2_61	db/日本野鳥大鑑2/61 ソリハシシギ.wav	2	61 ソリハシシギ	23㎝	全国	旅鳥	干潟
2_62	db/日本野鳥大鑑2/62 オグロシギ.wav	2	62 オグロシギ	38.5㎝	全国	旅鳥	干潟、海辺の水田など
2_63	db/日本野鳥大鑑2/63 オオソリハシシギ.wav	2	63 オオソリハシシギ	41㎝	全国	旅鳥	干潟
2_64	db/日本野鳥大鑑2/64 ダイシャクシギ.wav	2	64 ダイシャクシギ	60㎝	全国	旅鳥または留鳥	干潟
2_65	db/日本野鳥大鑑2/65 ホウロクシギ.wav	2	65 ホウロクシギ	61.5㎝	全国	旅鳥または留鳥	干潟
2_66	db/日本野鳥大鑑2/66 チュウシャクシギ.wav	2	66 チュウシャクシギ	42㎝	全国	旅鳥	干潟、水田
2_67	db/日本野鳥大鑑2/67 ヤマシギ.wav	2	67 ヤマシギ	34㎝	繁殖は本州以北。越冬は本州以南	留鳥または漂鳥	平地から丘陵地の林や沢
2_68	db/日本野鳥大鑑2/68 アマミヤマシギ.wav	2	68 アマミヤマシギ	36㎝	奄美諸島、沖縄諸島	留鳥	森林、農耕地
2_69	db/日本野鳥大鑑2/69 タシギ.wav	2	69 タシギ	27㎝	本州以南	おもに冬鳥	水田、湿地
2_70	db/日本野鳥大鑑2/70 オオジシギ.wav	2	70 オオジシギ	30㎝	本州から北海道で繁殖	夏鳥。繁殖地以外では旅鳥	繁殖地は草地、高原、牧場など。渡り途中は水田、湿地など
2_71	db/日本野鳥大鑑2/71 セイタカシギ.wav	2	71 セイタカシギ	32㎝	全国	旅鳥または留鳥	水田、埋立地、干潟
2_72	db/日本野鳥大鑑2/72 ハイイロヒレアシシギ.wav	2	72 ハイイロヒレアシシギ	22㎝	全国	旅鳥	内湾、外洋
2_73	db/日本野鳥大鑑2/73 アカエリヒレアシシギ.wav	2	73 アカエリヒレアシシギ	19㎝	全国	旅鳥	内湾、沖合
2_74	db/日本野鳥大鑑2/74 ツバメチドリ.wav	2	74 ツバメチドリ	26.5㎝	全国	おもに旅鳥または留鳥。一部夏鳥	干潟、埋立地、河原
3_01	db/日本野鳥大鑑3/01 トウゾクカモメ.wav	3	01 トウゾクカモメ	54㎝、翼開長124㎝	ほぼ全国	おもに旅鳥	外洋、内湾などの海辺
3_02	db/日本野鳥大鑑3/02 ユリカモメ.wav	3	02 ユリカモメ	40㎝、翼開長92㎝	全国	冬鳥	海岸、河川、湖沼
3_03	db/日本野鳥大鑑3/03 セグロカモメ.wav	3	03 セグロカモメ	60㎝、翼開長135㎝	全国	冬鳥	海岸、河川
3_04	db/日本野鳥大鑑3/04 オオセグロカモメ.wav	3	04 オオセグロカモメ	61㎝、翼開長135㎝	繁殖は北海道、東北地方。越冬は本州以南	留鳥または冬鳥	海岸
3_05	db/日本野鳥大鑑3/05 シロカモメ.wav	3	05 シロカモメ	71㎝、翼開長135㎝	おもに関東地方、北陸地方以北	冬鳥	海岸
3_06	db/日本野鳥大鑑3/06 カモメ.wav	3	06 カモメ	44.5㎝、翼開長115㎝	全国	冬鳥、一部越夏	海岸
3_07	db/日本野鳥大鑑3/07 ウミネコ.wav	3	07 ウミネコ	46.5㎝、翼開長120㎝	全国	留鳥または漂鳥	海岸
3_08	db/日本野鳥大鑑3/08 ズグロカモメ.wav	3	08 ズグロカモメ	32.5㎝	全国だがおもに九州	冬鳥	干潟、河口
3_09	db/日本野鳥大鑑3/09 ミツユビカモメ.wav	3	09 ミツユビカモメ	39㎝、翼開長92㎝	全国	冬鳥	海岸
3_10	db/日本野鳥大鑑3/10 アジサシ.wav	3	10 アジサシ	35㎝	全国	旅鳥	河口、内湾、岩礁などの海辺
3_11	db/日本野鳥大鑑3/11 キョクアジサシ.wav	3	11 キョクアジサシ	39㎝	太平洋岸でまれ	旅鳥	河口、海岸
3_12	db/日本野鳥大鑑3/12 ベニアジサシ.wav	3	12 ベニアジサシ	31㎝	種子島以南の南西諸島	夏鳥	離島の岩礁、外洋
3_13	db/日本野鳥大鑑3/13 エリグロアジサシ.wav	3	13 エリグロアジサシ	30㎝	馬毛島、種子島以南の南西諸島、南鳥島	夏鳥	離島の岩礁、外洋
3_14	db/日本野鳥大鑑3/14 セグロアジサシ.wav	3	14 セグロアジサシ	41㎝	小笠原諸島、南鳥島、沖縄諸島	夏鳥	繁殖期は離島の草地など。繁殖期以外は外洋
3_15	db/日本野鳥大鑑3/15 コアジサシ.wav	3	15 コアジサシ	28㎝	東北地方以南	夏鳥	海岸、河川
3_16	db/日本野鳥大鑑3/16 クロアジサシ.wav	3	16 クロアジサシ	39㎝	小笠原諸島、北硫黄島、南鳥島、沖縄諸島南部	夏鳥	離島の岩礁、外洋
3_17	db/日本野鳥大鑑3/17 ヒメクロアジサシ.wav	3	17 ヒメクロアジサシ	33.5㎝	南西諸島の石垣島など	旅鳥または夏鳥	離島
3_18	db/日本野鳥大鑑3/18 シロアジサシ.wav	3	18 シロアジサシ	27.5㎝	ほぼ全国	旅鳥	離島、内湾
3_19	db/日本野鳥大鑑3/19 ウミガラス.wav	3	19 ウミガラス	43.5㎝	北海道天売島、モユルリ島で繁殖。東北地方以北で越冬	留鳥または漂鳥	海上、離島
3_20	db/日本野鳥大鑑3/20 ハジブトウミガラス.wav	3	20 ハジブトウミガラス	43.5㎝	北日本	冬鳥	内湾、海岸
3_21	db/日本野鳥大鑑3/21 ケイマフリ.wav	3	21 ケイマフリ	37㎝	東北地方以北	留鳥または漂鳥	岩礁海岸、内湾など
3_22	db/日本野鳥大鑑3/22 カンムリウミスズメ.wav	3	22 カンムリウミスズメ	24㎝	日本近海	留鳥	離島
3_23	db/日本野鳥大鑑3/23 コウミスズメ.wav	3	23 コウミスズメ	15㎝	北日本	冬鳥	海上、内湾
3_24	db/日本野鳥大鑑3/24 ウトウ.wav	3	24 ウトウ	38㎝	北海道、東北地方の離島	留鳥または冬鳥	繁殖は離島、越冬は内湾など海上
3_25	db/日本野鳥大鑑3/25 カラスバト.wav	3	25 カラスバト	40㎝	本州南部の離島	留鳥	おもに離島、時に半島のよく茂った森林
3_26	db/日本野鳥大鑑3/26 シラコバト.wav	3	26 シラコバト	32.5㎝	埼玉県越谷市を中心に千葉県、茨城県、東京都の一部	留鳥	住宅地、公園、河川、農耕地、雑木林など
3_27	db/日本野鳥大鑑3/27 キジバト.wav	3	27 キジバト	33㎝	全国。北海道では夏のみ	留鳥または漂鳥	平地から山地の林、農耕地、住宅地、公園など幅広い
3_28	db/日本野鳥大鑑3/28 キンバト.wav	3	28 キンバト	25㎝	宮古島、石垣島、与那国島など南西諸島南部	留鳥	亜熱帯性の常緑広葉樹の林、その周辺の農耕地など
3_29	db/日本野鳥大鑑3/29 アオバト.wav	3	29 アオバト	33㎝	全国。北日本では夏のみ	留鳥または漂鳥	低山から山地の落葉広葉樹林
3_30	db/日本野鳥大鑑3/30 ズアカアオバト.wav	3	30 ズアカアオバト	35㎝	奄美大島以南の南西諸島	留鳥	常緑広葉樹の林、その周辺の農耕地など
3_31	db/日本野鳥大鑑3/31 ジュウイチ.wav	3	31 ジュウイチ	32㎝	全国	夏鳥	山地の森林
3_32	db/日本野鳥大鑑3/32 セグロカッコウ.wav	3	32 セグロカッコウ	32.5㎝	九州北部、中国地方	夏鳥または旅鳥	森林
3_33	db/日本野鳥大鑑3/33 カッコウ.wav	3	33 カッコウ	35㎝	全国	夏鳥	平地から山地の草原や森林
3_34	db/日本野鳥大鑑3/34 ツツドリ.wav	3	34 ツツドリ	32.5㎝	全国	夏鳥	山地の森林
3_35	db/日本野鳥大鑑3/35 ホトトギス.wav	3	35 ホトトギス	27.5㎝	本州以南。北海道では南部のみ	夏鳥	山地の森林
3_36	db/日本野鳥大鑑3/36 ワシミミズク.wav	3	36 ワシミミズク	66㎝	おもに北海道北部、北東部	冬鳥。繁殖記録がある	岩場や崖地のある森林
3_37	db/日本野鳥大鑑3/37 シマフクロウ.wav	3	37 シマフクロウ	71㎝	北海道東部	留鳥	河川や湖沼周辺の森林
3_38	db/日本野鳥大鑑3/38 トラフズク.wav	3	38 トラフズク	35～40㎝、翼開長91～102㎝	繁殖は本州中部以北。越冬は本州以南	漂鳥または留鳥	農耕地、河川敷、雑木林など
3_39	db/日本野鳥大鑑3/39 コミミズク.wav	3	39 コミミズク	35～41㎝、翼開長94～104㎝	全国	冬鳥	平地の草地、河川敷、農耕地、埋立地など
3_40	db/日本野鳥大鑑3/40 コノハズク.wav	3	40 コノハズク	18.5～21.5㎝、翼開長42～49㎝	全国	夏鳥または留鳥	山地の森林
3_41	db/日本野鳥大鑑3/41 リュウキュウコノハズク.wav	3	41 リュウキュウコノハズク	22㎝	奄美大島以南の南西諸島	留鳥	森林
3_42	db/日本野鳥大鑑3/42 ダイトウコノハズク.wav	3	42 ダイトウコノハズク					詳細記載なし
3_43	db/日本野鳥大鑑3/43 オオコノハズク.wav	3	43 オオコノハズク	24㎝	全国	留鳥または漂鳥	平地から山地の森林
3_44	db/日本野鳥大鑑3/44 リュウキュウオオコノハズク.wav	3	44 リュウキュウオオコノハズク					詳細記載なし
3_45	db/日本野鳥大鑑3/45 アオバズク.wav	3	45 アオバズク	27～30.5㎝、翼開鳥66～70.5㎝	全国	夏鳥	平地から山地の森林
3_46	db/日本野鳥大鑑3/46 フクロウ.wav	3	46 フクロウ	48～52㎝、翼開長94～102㎝	全国	留鳥	平地から山地の森林
3_47	db/日本野鳥大鑑3/47 ミナミメンフクロウ.wav	3	47 ミナミメンフクロウ	35～42㎝	沖縄県西表島	記録は初夏の１例のみ	本来の分布域では草原
3_48	db/日本野鳥大鑑3/48 ヨタカ.wav	3	48 ヨタカ	29㎝	全国	おもに夏鳥	低山から山地の森林
3_49	db/日本野鳥大鑑3/49 ハリオアマツバメ.wav	3	49 ハリオアマツバメ	21㎝、翼開長50㎝	北海道、本州	夏鳥	平地、山地
3_50	db/日本野鳥大鑑3/50 ヒメアマツバメ.wav	3	50 ヒメアマツバメ	13㎝、翼開長28㎝	茨城県以西の太平洋岸の地域	留鳥	平地の市街地など
3_51	db/日本野鳥大鑑3/51 アマツバメ.wav	3	51 アマツバメ	20㎝、翼開長43㎝	全国	夏鳥	高山と海岸
3_52	db/日本野鳥大鑑3/52 ヤマセミ.wav	3	52 ヤマセミ	37.5㎝	全国	留鳥	河川、山地の湖沼、ダム湖
3_53	db/日本野鳥大鑑3/53 ヤマショウビン.wav	3	53 ヤマショウビン	28㎝	おもに西日本	夏鳥または旅鳥	河川、湖沼、水田、海辺
3_54	db/日本野鳥大鑑3/54 アカショウビン.wav	3	54 アカショウビン	27.5㎝	全国	夏鳥	低山から山地
3_55	db/日本野鳥大鑑3/55 リュウキュウアカショウビン.wav	3	55 リュウキュウアカショウビン					詳細記載なし
3_56	db/日本野鳥大鑑3/56 ナンヨウショウビン.wav	3	56 ナンヨウショウビン	24㎝	石垣島、西表島	冬鳥または旅鳥	海岸のマングローブ林
3_57	db/日本野鳥大鑑3/57 カワセミ.wav	3	57 カワセミ	17㎝	全国	留鳥または漂鳥	河川や湖沼
3_58	db/日本野鳥大鑑3/58 アオショウビン.wav	3	58 アオショウビン	28㎝	石垣島、西表島	旅鳥	池沼、水田など水辺
3_59	db/日本野鳥大鑑3/59 ブッポウソウ.wav	3	59 ブッポウソウ	29.5㎝	本州以南	夏鳥	山地の森林
3_60	db/日本野鳥大鑑3/60 ヤツガシラ.wav	3	60 ヤツガシラ	26㎝	ほぼ全国	旅鳥、または夏鳥	草地、農耕地、グランドなど
3_61	db/日本野鳥大鑑3/61 アリスイ.wav	3	61 アリスイ	17.5㎝	繁殖は東北地方以北。越冬は中部地方以南	漂鳥	平地から丘陵地の明るい林
3_62	db/日本野鳥大鑑3/62 アオゲラ.wav	3	62 アオゲラ	29㎝	本州以南	留鳥	低山から山地の森林
3_63	db/日本野鳥大鑑3/63 ヤマゲラ.wav	3	63 ヤマゲラ	29.5㎝	北海道	留鳥	丘陵地の森林
3_64	db/日本野鳥大鑑3/64 ノグチゲラ.wav	3	64 ノグチゲラ	31㎝	沖縄本島北部	留鳥	森林
3_65	db/日本野鳥大鑑3/65 クマゲラ.wav	3	65 クマゲラ	45.5㎝	東北地方北部、北海道	留鳥	森林
3_66	db/日本野鳥大鑑3/66 アカゲラ.wav	3	66 アカゲラ	23.5㎝	本州以北	留鳥	低山から山地の森林
3_67	db/日本野鳥大鑑3/67 オオアカゲラ.wav	3	67 オオアカゲラ	28㎝	全国だが西日本に多い	留鳥	山地の森林
3_68	db/日本野鳥大鑑3/68 オーストンオオアカゲラ.wav	3	68 オーストンオオアカゲラ					詳細記載なし
3_69	db/日本野鳥大鑑3/69 コアカゲラ.wav	3	69 コアカゲラ	16㎝	北海道	留鳥	森林
3_70	db/日本野鳥大鑑3/70 コゲラ.wav	3	70 コゲラ	15㎝	全国	留鳥	平地から山地の森林
3_71	db/日本野鳥大鑑3/71 リュウキュウコゲラ.wav	3	71 リュウキュウコゲラ					詳細記載なし
4_01	db/日本野鳥大鑑4/01 ヤイロチョウ.wav	4	01 ヤイロチョウ	20㎝	本州中部地方以南	夏鳥	山地の常緑広葉樹の多い森林
4_02	db/日本野鳥大鑑4/02 ヒバリ.wav	4	02 ヒバリ	17㎝	全国。北日本では夏	留鳥または漂鳥	平地から山地の河原や農耕地
4_03	db/日本野鳥大鑑4/03 ショウドウツバメ.wav	4	03 ショウドウツバメ	12.5㎝	北海道。本州では春と秋に通過する	夏鳥または旅鳥	平地の草原。崖地で繁殖する
4_04	db/日本野鳥大鑑4/04 ツバメ.wav	4	04 ツバメ	17㎝	北海道南部以南	夏鳥。まれに日本で越冬するものもいる	平地の水辺や住宅地
4_05	db/日本野鳥大鑑4/05 リュウキュウツバメ.wav	4	05 リュウキュウツバメ	13㎝	奄美大島以南	おもに夏鳥。越冬例も多い	水辺に近い住宅地、水田など
4_06	db/日本野鳥大鑑4/06 コシアカツバメ.wav	4	06 コシアカツバメ	18.5㎝	東北地方南部以南	夏鳥	平地の住宅地、水辺
4_07	db/日本野鳥大鑑4/07 イワツバメ.wav	4	07 イワツバメ	14.5㎝	全国	夏鳥。東海地方から九州では越冬するものもいる	平地から山地の水辺。建築物で繁殖
4_08	db/日本野鳥大鑑4/08 イワミセキレイ.wav	4	08 イワミセキレイ	15.5㎝	本州以南。九州北部、山陰地方で繁殖	九州、山陰地方で夏鳥。そのほかの地方では冬鳥または旅鳥	雑木林、丘陵地の林
4_09	db/日本野鳥大鑑4/09 ツメナガセキレイ.wav	4	09 ツメナガセキレイ	16.5㎝	ユーラシア大陸で広く繁殖し、アフリカやインドで越冬。日本では沖縄などを少数が通過ないし越冬、北海道で少数が繁殖	旅鳥、冬鳥または夏鳥	草原、農耕地、河川敷など開けた環境
4_10	db/日本野鳥大鑑4/10 キセキレイ.wav	4	10 キセキレイ	20㎝	全国。北日本では夏	留鳥または漂鳥	平地から山地の水辺
4_11	db/日本野鳥大鑑4/11 ハクセキレイ.wav	4	11 ハクセキレイ	21㎝	全国	留鳥または漂鳥	海岸から平地の河川、湖沼などの水辺
4_12	db/日本野鳥大鑑4/12 ホオジロハクセキレイ.wav	4	12 ホオジロハクセキレイ					詳細記載なし
4_13	db/日本野鳥大鑑4/13 セグロセキレイ.wav	4	13 セグロセキレイ	21㎝	全国	留鳥	平地から山地の河川、湖沼などの水辺
4_14	db/日本野鳥大鑑4/14 ビンズイ.wav	4	14 ビンズイ	15.5㎝	全国。四国以北で繁殖、東北地方南部以南で越冬	漂鳥	高山や山地の森林で繁殖、低山から平地の明るい林で越冬
4_15	db/日本野鳥大鑑4/15 タヒバリ.wav	4	15 タヒバリ	16㎝	東北地方南部以南	冬鳥	平地の河川や湖沼のほとり
4_16	db/日本野鳥大鑑4/16 サンショウクイ.wav	4	16 サンショウクイ	20㎝	本州以南	夏鳥	平地から山地の森林
4_17	db/日本野鳥大鑑4/17 リュウキュウサンショウクイ.wav	4	17 リュウキュウサンショウクイ					詳細記載なし
4_18	db/日本野鳥大鑑4/18 ヒヨドリ.wav	4	18 ヒヨドリ	27.5㎝	全国	留鳥または漂鳥	平地から山地の林
4_19	db/日本野鳥大鑑4/19 アマミヒヨドリ.wav	4	19 アマミヒヨドリ					詳細記載なし
4_20	db/日本野鳥大鑑4/20 オガサワラヒヨドリ.wav	4	20 オガサワラヒヨドリ					詳細記載なし
4_21	db/日本野鳥大鑑4/21 ダイトウヒヨドリ.wav	4	21 ダイトウヒヨドリ					詳細記載なし
4_22	db/日本野鳥大鑑4/22 シロガシラ.wav	4	22 シロガシラ	19㎝	南西諸島南部の沖縄本島など	留鳥	農耕地、林など
4_23	db/日本野鳥大鑑4/23 チゴモズ.wav	4	23 チゴモズ	18.5㎝	本州	夏鳥	山地の明るい林、農耕地、草原など
4_24	db/日本野鳥大鑑4/24 モズ.wav	4	24 モズ	20㎝	全国。北海道では夏のみ	留鳥または漂鳥	山地から平地の開けた環境
4_25	db/日本野鳥大鑑4/25 アカモズ.wav	4	25 アカモズ	20㎝	全国	夏鳥	本州では山地、北海道では平地の森林
4_26	db/日本野鳥大鑑4/26 シマアカモズ.wav	4	26 シマアカモズ					詳細記載なし
4_27	db/日本野鳥大鑑4/27 キレンジャク.wav	4	27 キレンジャク	19.5㎝	九州南部以北	冬鳥	平地から山地の森林
4_28	db/日本野鳥大鑑4/28 ヒレンジャク.wav	4	28 ヒレンジャク	17.5㎝	九州北部以北	冬鳥	平地から山地の森林
4_29	db/日本野鳥大鑑4/29 カワガラス.wav	4	29 カワガラス	22㎝	全国	留鳥	平地から高山帯の渓流
4_30	db/日本野鳥大鑑4/30 ミソサザイ.wav	4	30 ミソサザイ	10.5㎝	全国	留鳥	山地の渓流とその周辺
4_31	db/日本野鳥大鑑4/31 モスケミソサザイ.wav	4	31 モスケミソサザイ					詳細記載なし
4_32	db/日本野鳥大鑑4/32 イワヒバリ.wav	4	32 イワヒバリ	18㎝	本州中部の南～北アルプス、富士山を中心に分布し、北限は岩手県の早池峰山	留鳥	高山、越冬期は低山
4_33	db/日本野鳥大鑑4/33 カヤクグリ.wav	4	33 カヤクグリ	14㎝	全国。繁殖は四国以北、越冬は本州以南	留鳥または漂鳥	高山、越冬期は低山
4_34	db/日本野鳥大鑑4/34 コマドリ.wav	4	34 コマドリ	14㎝	全国	夏鳥	山地の森林
4_35	db/日本野鳥大鑑4/35 タネコマドリ.wav	4	35 タネコマドリ					詳細記載なし
4_36	db/日本野鳥大鑑4/36 アカヒゲ.wav	4	36 アカヒゲ	14㎝	屋久島以南の南西諸島	留鳥	よく茂った常緑広葉樹林
4_37	db/日本野鳥大鑑4/37 ホントウアカヒゲ.wav	4	37 ホントウアカヒゲ					詳細記載なし
4_38	db/日本野鳥大鑑4/38 シマゴマ.wav	4	38 シマゴマ	13㎝	日本海側の沿岸、離島	旅鳥	よく繁った林の藪
4_39	db/日本野鳥大鑑4/39 ヨーロッパコマドリ.wav	4	39 ヨーロッパコマドリ	14㎝	日本海の離島	旅鳥または冬鳥	農耕地、公園など
4_40	db/日本野鳥大鑑4/40 ノゴマ.wav	4	40 ノゴマ	16㎝	北海道。一部は本州北部	夏鳥	草原
4_41	db/日本野鳥大鑑4/41 オガワコマドリ.wav	4	41 オガワコマドリ	15㎝	ユーラシア大陸に広く分布。日本ではまれ	旅鳥または冬鳥	農耕地、河川敷など開けた環境やアシ原などの草原
4_42	db/日本野鳥大鑑4/42 コルリ.wav	4	42 コルリ	14㎝	全国。分布の中心は本州中部から北海道	夏鳥	山地の森林
4_43	db/日本野鳥大鑑4/43 ルリビタキ.wav	4	43 ルリビタキ	14㎝	全国。繁殖は四国、本州以北。越冬は東北地方南部以南	漂鳥	繁殖は亜高山の森林、越冬は平地の公園、雑木林など
4_44	db/日本野鳥大鑑4/44 ジョウビタキ.wav	4	44 ジョウビタキ	14㎝	全国	冬鳥。北海道では繁殖例がある	平地から山地の開けた環境
4_45	db/日本野鳥大鑑4/45 シロビタイジョウビタキ.wav	4	45 シロビタイジョウビタキ	14㎝	日本海側の離島	旅鳥または冬鳥	林、林縁部、公園、庭園
4_46	db/日本野鳥大鑑4/46 ノビタキ.wav	4	46 ノビタキ	13㎝	全国。繁殖は本州以南。四国、九州では通過	夏鳥または旅鳥	草原、農耕地
4_47	db/日本野鳥大鑑4/47 ハシグロヒタキ.wav	4	47 ハシグロヒタキ	14.5㎝	ユーラシア大陸、北米大陸に広く分布。日本では少数の記録があるのみ	冬鳥ないし旅鳥	埋立地、草地
4_48	db/日本野鳥大鑑4/48 イソヒヨドリ.wav	4	48 イソヒヨドリ	25.5㎝	全国	留鳥または漂鳥	岩礁海岸
4_49	db/日本野鳥大鑑4/49 トラツグミ.wav	4	49 トラツグミ	29.5㎝	全国	漂鳥	平地から山地の森林
4_50	db/日本野鳥大鑑4/50 オオトラツグミ.wav	4	50 オオトラツグミ					詳細記載なし
4_51	db/日本野鳥大鑑4/51 マミジロ.wav	4	51 マミジロ	23.5㎝	本州中部地方以北	夏鳥	山地の森林
4_52	db/日本野鳥大鑑4/52 クロツグミ.wav	4	52 クロツグミ	21.5㎝	全国	夏鳥	平地から低山の森林。本州中部では標高800ｍ以下
4_53	db/日本野鳥大鑑4/53 クロウタドリ.wav	4	53 クロウタドリ	25㎝	ヨーロッパを中心にユーラシア大陸に広く分布。日本ではまれ	旅鳥または冬鳥	グラウンド、公園の芝生など開けた環境
4_54	db/日本野鳥大鑑4/54 アカハラ.wav	4	54 アカハラ	23.5㎝	全国。繁殖は本州中部地方以北、越冬は本州中部地方以南の太平洋側	漂鳥	平地から山地の森林
4_55	db/日本野鳥大鑑4/55 アカコッコ.wav	4	55 アカコッコ	23㎝	伊豆諸島伊豆大島から青ヶ島、吐噶喇列島中之島、屋久島	留鳥、一部漂鳥	常緑広葉樹林の林縁や住宅地、農耕地など比較的開けた環境
4_56	db/日本野鳥大鑑4/56 シロハラ.wav	4	56 シロハラ	24㎝	東北地方南部以南。少数が中国地方で繁殖	冬鳥または留鳥	平地から低山の森林
4_57	db/日本野鳥大鑑4/57 マミチャジナイ.wav	4	57 マミチャジナイ	22㎝	全国	旅鳥または冬鳥	丘陵や平地の林、公園
4_58	db/日本野鳥大鑑4/58 ツグミ.wav	4	58 ツグミ	24㎝	全国	冬鳥	平地から山地の森林や農耕地、公園など
4_59	db/日本野鳥大鑑4/59 ノハラツグミ.wav	4	59 ノハラツグミ	28㎝	ヨーロッパをはじめユーラシア大陸西部に広く分布。日本では長野県、神奈川県、埼玉県など数例の記録があるのみ	冬鳥と思われる	農耕地など開けた環境
4_60	db/日本野鳥大鑑4/60 ウタツグミ.wav	4	60 ウタツグミ	23㎝	ユーラシア大陸の西部を中心に広く分布。日本では神奈川県横浜市で記録された１例のみ	冬場と思われる	明るい林や農耕地
4_61	db/日本野鳥大鑑4/61 ヤドリギツグミ.wav	4	61 ヤドリギツグミ	28㎝	ユーラシア大陸西部を中心に広く分布。日本では１例の記録のみ	冬場と思われる	公園、農耕地
4_62	db/日本野鳥大鑑4/62 ダルマエナガ.wav	4	62 ダルマエナガ	11.5㎝	東南アジア北部、中国、朝鮮半島にかけて広く分布。日本では１例があるのみ	旅鳥と思われる	灌木林、アシ原
4_63	db/日本野鳥大鑑4/63 ウグイス.wav	4	63 ウグイス	14～15.5㎝	全国	漂鳥または留鳥	平地から山地の森林
4_64	db/日本野鳥大鑑4/64 ハシナガウグイス.wav	4	64 ハシナガウグイス					詳細記載なし
4_65	db/日本野鳥大鑑4/65 リュウキュウウグイス.wav	4	65 リュウキュウウグイス					詳細記載なし
4_66	db/日本野鳥大鑑4/66 ヤブサメ.wav	4	66 ヤブサメ	10.5㎝	全国	夏鳥	山地の森林
4_67	db/日本野鳥大鑑4/67 オオセッカ.wav	4	67 オオセッカ	13㎝	青森県、秋田県、千葉県など	漂鳥	アシ原などの湿原
4_68	db/日本野鳥大鑑4/68 エゾセンニュウ.wav	4	68 エゾセンニュウ	18㎝	北海道	夏鳥	灌木林、森林の周辺の藪、灌木の点在する草原
4_69	db/日本野鳥大鑑4/69 シマセンニュウ.wav	4	69 シマセンニュウ	15.5㎝	北海道	夏鳥	草原
4_70	db/日本野鳥大鑑4/70 ウチヤマセンニュウ.wav	4	70 ウチヤマセンニュウ	16.5㎝	日本列島と朝鮮半島周辺の離島	夏鳥	島の草地、灌木林
4_71	db/日本野鳥大鑑4/71 マキノセンニュウ.wav	4	71 マキノセンニュウ	12㎝	北海道	夏鳥	海辺の草原
4_72	db/日本野鳥大鑑4/72 コヨシキリ.wav	4	72 コヨシキリ	13.5㎝	全国	夏鳥	平地から高原の草原
4_73	db/日本野鳥大鑑4/73 オオヨシキリ.wav	4	73 オオヨシキリ	18.5㎝	全国	夏鳥	平地から山地のアシ原
5_01	db/日本野鳥大鑑5/01 コノドジロムシクイ.wav	5	01 コノドジロムシクイ	13㎝	北海道、山形県	旅鳥	林やその周辺の藪
5_02	db/日本野鳥大鑑5/02 キタヤナギムシクイ.wav	5	02 キタヤナギムシクイ	11.5㎝	日本海の離島、福岡県	旅鳥	明るい林
5_03	db/日本野鳥大鑑5/03 チフチャフ.wav	5	03 チフチャフ	11㎝	おもに日本海の離島、沿岸	旅鳥	明るい林、林縁部
5_04	db/日本野鳥大鑑5/04 モリムシクイ.wav	5	04 モリムシクイ	12.5㎝	北海道、日本海の離島	旅鳥	森林の周辺の藪
5_05	db/日本野鳥大鑑5/05 カラフトムジセッカ.wav	5	05 カラフトムジセッカ	12～13㎝	おもに日本海の離島	おもに旅鳥	林縁部、草地、畑
5_06	db/日本野鳥大鑑5/06 キマユムシクイ.wav	5	06 キマユムシクイ	10.5㎝	ユーラシア大陸東部に広く分布。日本各地に少数が渡来	旅鳥	針葉樹林や針葉樹と広葉樹の混じった林
5_07	db/日本野鳥大鑑5/07 カラフトムシクイ.wav	5	07 カラフトムシクイ	10～10.5㎝	北海道、本州、日本海の離島など	旅鳥	離島の林、藪
5_08	db/日本野鳥大鑑5/08 メボソムシクイ.wav	5	08 メボソムシクイ	13㎝	四国、本州以北	夏鳥	低い山地から亜高山の森林
5_09	db/日本野鳥大鑑5/09 コメボソムシクイ.wav	5	09 コメボソムシクイ					詳細記載なし
5_10	db/日本野鳥大鑑5/10 エゾムシクイ.wav	5	10 エゾムシクイ	11.5㎝	本州中部地方以北	夏鳥	亜高山帯の針葉樹林。本州では標高1,000ｍ以上、北海道では標高500ｍ以上の山地
5_11	db/日本野鳥大鑑5/11 センダイムシクイ.wav	5	11 センダイムシクイ	12.5㎝	全国	夏鳥	低山の森林。本州は山地の落葉広葉樹林、北海道では平地にも生息
5_12	db/日本野鳥大鑑5/12 イイジマムシクイ.wav	5	12 イイジマムシクイ	11.5㎝	伊豆諸島や吐噶喇列島中之島	夏鳥。越冬例もある	よく茂った広葉樹林や針広混交林
5_13	db/日本野鳥大鑑5/13 キクイタダキ.wav	5	13 キクイタダキ	10㎝	全国。中部地方以北で繁殖、北海道南部以南で越冬	留鳥または漂鳥	本州では山地、北海道や冬季は低山から平地の森林
5_14	db/日本野鳥大鑑5/14 セッカ.wav	5	14 セッカ	12.5㎝	東北地方南部以南。繁殖は東北地方南部以南、越冬は関東地方以南の太平洋側	留鳥または漂鳥	平地から山地の草原や湖沼などの水辺
5_15	db/日本野鳥大鑑5/15 マダラヒタキ.wav	5	15 マダラヒタキ	13～14㎝	ユーラシア大陸の西部に広く繁殖。日本での記録は石川県舳倉島	旅鳥	森林
5_16	db/日本野鳥大鑑5/16 ムギマキ.wav	5	16 ムギマキ	13㎝	全国	旅鳥	沿岸のマツ林、雑木林
5_17	db/日本野鳥大鑑5/17 マミジロキビタキ.wav	5	17 マミジロキビタキ	13㎝	北海道、本州、九州などの各地	旅鳥。富士山山麓で繁殖記録がある	落葉広葉樹林など
5_18	db/日本野鳥大鑑5/18 キビタキ.wav	5	18 キビタキ	14.5㎝	全国	夏鳥	丘陵から山地の森林。北海道では平地にも生息
5_19	db/日本野鳥大鑑5/19 リュウキュウキビタキ.wav	5	19 リュウキュウキビタキ					詳細記載なし
5_20	db/日本野鳥大鑑5/20 オオルリ.wav	5	20 オオルリ	16.5㎝	全国	夏鳥	山地の渓流沿いの林
5_21	db/日本野鳥大鑑5/21 サメビタキ.wav	5	21 サメビタキ	13.5㎝	本州中部地方以北	夏鳥	亜高山帯の針葉樹林
5_22	db/日本野鳥大鑑5/22 コサメビタキ.wav	5	22 コサメビタキ	13㎝	全国	夏鳥	平地から丘陵地の落葉広葉樹林、村落付近の林
5_23	db/日本野鳥大鑑5/23 サンコウチョウ.wav	5	23 サンコウチョウ	雄は44.5㎝、雌は17.5㎝	東北地方南部以南	夏鳥	平地から低山の森林
5_24	db/日本野鳥大鑑5/24 リュウキュウサンコウチョウ.wav	5	24 リュウキュウサンコウチョウ					詳細記載なし
5_25	db/日本野鳥大鑑5/25 エナガ.wav	5	25 エナガ	13.5㎝	全国	留鳥	おもに平地から山地の林
5_26	db/日本野鳥大鑑5/26 シマエナガ.wav	5	26 シマエナガ					詳細記載なし
5_27	db/日本野鳥大鑑5/27 ツリスガラ.wav	5	27 ツリスガラ	11㎝	おもに西日本。近年東日本まで分布を広げている。	冬鳥	川沿いや河口、埋立地周辺のアシ原
5_28	db/日本野鳥大鑑5/28 ハシブトガラ.wav	5	28 ハシブトガラ	12.5㎝	北海道	留鳥または漂鳥	丘陵から山地の林、冬季は市街地でも
5_29	db/日本野鳥大鑑5/29 コガラ.wav	5	29 コガラ	12.5㎝	全国	留鳥	山地の森林
5_30	db/日本野鳥大鑑5/30 ヒガラ.wav	5	30 ヒガラ	11㎝	全国	留鳥	山地から低山の森林
5_31	db/日本野鳥大鑑5/31 ヤマガラ.wav	5	31 ヤマガラ	14㎝	北海道南部以南	留鳥	平地から山地の森林
5_32	db/日本野鳥大鑑5/32 アマミヤマガラ.wav	5	32 アマミヤマガラ					詳細記載なし
5_33	db/日本野鳥大鑑5/33 オーストンヤマガラ.wav	5	33 オーストンヤマガラ					詳細記載なし
5_34	db/日本野鳥大鑑5/34 シジュウカラ.wav	5	34 シジュウカラ	14.5㎝	全国	留鳥	平地から山地の森林、公園、雑木林など
5_35	db/日本野鳥大鑑5/35 イシガキシジュウカラ.wav	5	35 イシガキシジュウカラ					詳細記載なし
5_36	db/日本野鳥大鑑5/36 ゴジュウカラ.wav	5	36 ゴジュウカラ	13.5㎝	全国	留鳥または漂鳥	山地の森林。越冬期は低山にも
5_37	db/日本野鳥大鑑5/37 シロハラゴジュウカラ.wav	5	37 シロハラゴジュウカラ					詳細記載なし
5_38	db/日本野鳥大鑑5/38 キバシリ.wav	5	38 キバシリ	13.5㎝	全国だが中部・関東地方以北に多い	留鳥	山地の森林
5_39	db/日本野鳥大鑑5/39 メジロ.wav	5	39 メジロ	11.5㎝	全国。冬季は東北地方南部以南	留鳥または漂鳥	平地から山地の森林
5_40	db/日本野鳥大鑑5/40 シチトウメジロ.wav	5	40 シチトウメジロ					詳細記載なし
5_41	db/日本野鳥大鑑5/41 リュウキュウメジロ.wav	5	41 リュウキュウメジロ					詳細記載なし
5_42	db/日本野鳥大鑑5/42 メグロ.wav	5	42 メグロ	13.5㎝	小笠原諸島	留鳥	島の林
5_43	db/日本野鳥大鑑5/43 キアオジ.wav	5	43 キアオジ	16㎝	ユーラシア大陸中央部に広く分布。日本では長野県、石川県で数例の記録があるのみ	冬鳥と思われる	灌木のある草原、灌木林、林の中の空き地など
5_44	db/日本野鳥大鑑5/44 シラガホオジロ.wav	5	44 シラガホオジロ	17㎝	ユーラシア大陸中央部から西部に広く分布。日本では日本海側の離島をはじめ北海道、本州、九州にまれに渡来	旅鳥または冬鳥	林周辺の農耕地など
5_45	db/日本野鳥大鑑5/45 ホオジロ.wav	5	45 ホオジロ	16.5㎝	屋久島以北の全国	留鳥または漂鳥	農耕地、河川敷、公園、平地から山地の森林
5_46	db/日本野鳥大鑑5/46 ズアオホオジロ.wav	5	46 ズアオホオジロ	17㎝	ユーラシア大陸の中央部に分布。日本では日本海の離島で１例のみ	旅鳥と思われる	草原、農耕地、荒れ地
5_47	db/日本野鳥大鑑5/47 コジュリン.wav	5	47 コジュリン	14.5㎝	本州中部と北部、九州の一部で局地的に繁殖	留鳥または漂鳥	高地の草原や平地のアシ原で繁殖。平地のアシ原などで越冬
5_48	db/日本野鳥大鑑5/48 ホオアカ.wav	5	48 ホオアカ	16㎝	全国。関東・中部地方以南で越冬	漂鳥	北日本では平地の、本州中部では高原の草原、農耕地
5_49	db/日本野鳥大鑑5/49 コホオアカ.wav	5	49 コホオアカ	13㎝	ほぼ全国	旅鳥または冬鳥	明るい林、農耕地
5_50	db/日本野鳥大鑑5/50 カシラダカ.wav	5	50 カシラダカ	15㎝	全国	冬鳥。青森県で繁殖例がある	平地から丘陵地の草地や農耕地
5_51	db/日本野鳥大鑑5/51 ミヤマホオジロ.wav	5	51 ミヤマホオジロ	15.5㎝	本州中部地方以西で越冬。長崎県対馬では繁殖記録がある	冬鳥	平地から山地の林や山間部の草むらなど
5_52	db/日本野鳥大鑑5/52 シマアオジ.wav	5	52 シマアオジ	14㎝	北海道、青森県の一部	夏鳥	草原
5_53	db/日本野鳥大鑑5/53 シマノジコ.wav	5	53 シマノジコ	13.5㎝	中国東北部で繁殖。華南、東南アジアで越冬。日本ではおもに日本海側の離島を春と秋に通過	旅鳥	低木林、林の縁、笹薮など
5_54	db/日本野鳥大鑑5/54 ノジコ.wav	5	54 ノジコ	14㎝	中部地方以北の本州各地に局所的に分布。京都府、兵庫県、大分県などでも繁殖が確認されたり、繁殖期に記録されている。	夏鳥	山地の明るい林、沢沿いの灌木林、河原など
5_55	db/日本野鳥大鑑5/55 アオジ.wav	5	55 アオジ	16㎝	全国。中部地方以北で繁殖、東北地方南部以南で越冬	漂鳥	山地から平地の森林
5_56	db/日本野鳥大鑑5/56 クロジ.wav	5	56 クロジ	17㎝	本州中部の日本海側を中心に北海道まで局所的に繁殖。本州中部地方以南で越冬	漂鳥	繁殖地は山地のササの多い林。越冬地は雑木林、都会の公園など暗い林
5_57	db/日本野鳥大鑑5/57 オオジュリン.wav	5	57 オオジュリン	16㎝	繁殖は東北地方以北。越冬は東北地方南部以南	漂鳥	繁殖は草原、越冬はアシ原
5_58	db/日本野鳥大鑑5/58 ツメナガホオジロ.wav	5	58 ツメナガホオジロ	15.5㎝	ユーラシア、北アメリカの両大陸の北部に広く繁殖し、各大陸の南部で広く越冬。日本では少数が各地に渡来	冬鳥または旅鳥	海岸の砂地、埋立地など
5_59	db/日本野鳥大鑑5/59 ユキホオジロ.wav	5	59 ユキホオジロ	16.5㎝	ユーラシア、北アメリカの両大陸の北部で広く繁殖し、各大陸の南部で広く越冬。日本ではおもに北海道、少数が北日本の各地に渡来	おもに冬鳥	海岸の砂地、原野、農耕地など
5_60	db/日本野鳥大鑑5/60 ミヤマシトド.wav	5	60 ミヤマシトド	17㎝	繁殖は北アメリカ大陸北部、越冬地は南部。日本では北海道と本州の各地に少数が渡来	冬鳥または旅鳥	河原のアシ原、林のまわりなど
5_61	db/日本野鳥大鑑5/61 サバンナシトド.wav	5	61 サバンナシトド	14㎝	繁殖は北アメリカ大陸北部、越冬地は南部。日本では本州、九州の各地に少数が渡来	冬鳥	湖沼のアシ原の周辺、草地など
6_01	db/日本野鳥大鑑6/01 ズアオアトリ.wav	6	01 ズアオアトリ	16㎝	ユーラシア大陸の西部を中心に広く分布。日本では、北海道の離島で１例のみ	旅鳥と思われる	農耕地、灌木林、公園、庭園
6_02	db/日本野鳥大鑑6/02 アトリ.wav	6	02 アトリ	16㎝	全国	冬鳥	平地から山地の森林
6_03	db/日本野鳥大鑑6/03 カワラヒワ.wav	6	03 カワラヒワ	14.5㎝	全国	留鳥	平地から低山の森林や農耕地、河原
6_04	db/日本野鳥大鑑6/04 マヒワ.wav	6	04 マヒワ	12.5㎝	北海道南部以南で越冬。各地でまれに繁殖	冬鳥。繁殖例もある	越冬期は平地から低山の森林とその周辺。繁殖期は亜高山帯の森林
6_05	db/日本野鳥大鑑6/05 ベニヒワ.wav	6	05 ベニヒワ	13.5㎝	おもに北海道。時に本州や九州などにも渡来	冬鳥	海辺や山間部の草地など
6_06	db/日本野鳥大鑑6/06 ハギマシコ.wav	6	06 ハギマシコ	16㎝	本州中部地方以北。北海道の一部で繁殖の可能性がある	おもに冬鳥	山地、河川、海岸付近の草地、耕地、裸地など
6_07	db/日本野鳥大鑑6/07 アカマシコ.wav	6	07 アカマシコ	14㎝	ユーラシア大陸の東西に広く分布。日本では日本海側の離島など	旅鳥	山地の明るい林、別荘地など
6_08	db/日本野鳥大鑑6/08 オオマシコ.wav	6	08 オオマシコ	17㎝	ユーラシア大陸の東部に広く分布。日本では本州中部地方以北でまれ	冬鳥	山地の明るい林
6_09	db/日本野鳥大鑑6/09 ベニマシコ.wav	6	09 ベニマシコ	15㎝	全国。北海道、本州北部で繁殖、北海道南部以南で越冬	おもに漂鳥	繁殖は草原、越冬は平地から低山の草むら
6_10	db/日本野鳥大鑑6/10 ギンザンマシコ.wav	6	10 ギンザンマシコ	20㎝	ユーラシア大陸から北アメリカ大陸まで広く分布。日本では北海道、まれに本州	留鳥または漂鳥	繁殖は高山、越冬は平地でも
6_11	db/日本野鳥大鑑6/11 イスカ.wav	6	11 イスカ	16.5㎝	ほぼ全国。少数が本州中部地方以北で繁殖	冬鳥。一部が繁殖	山地から丘陵地のマツやモミの林
6_12	db/日本野鳥大鑑6/12 ナキイスカ.wav	6	12 ナキイスカ	15㎝	本州以北、おもに北海道に少数が渡来	冬鳥	記録が少なく環境は特定できないが、山地のマツ林など
6_13	db/日本野鳥大鑑6/13 ウソ.wav	6	13 ウソ	15.5㎝	全国	留鳥または漂鳥	繁殖は亜高山、越冬は山地の森林
6_14	db/日本野鳥大鑑6/14 シメ.wav	6	14 シメ	18㎝	全国。繁殖は北海道、越冬は本州以南	冬鳥、北海道では夏鳥	平地から低山の森林
6_15	db/日本野鳥大鑑6/15 コイカル.wav	6	15 コイカル	18.5㎝	西日本で越冬。熊本県、島根県、東京都で繁殖	おもに冬鳥、一部で留鳥	平地から山地の落葉広葉樹
6_16	db/日本野鳥大鑑6/16 イカル.wav	6	16 イカル	23㎝	全国。越冬は本州以南	留鳥または漂鳥	平地から山地の森林とその周辺
6_17	db/日本野鳥大鑑6/17 イエスズメ.wav	6	17 イエスズメ	17㎝	アフリカ、ユーラシア大陸のほか世界各地に移入。日本では北海道、日本海の離島	留鳥または旅鳥	集落、農耕地
6_18	db/日本野鳥大鑑6/18 スズメ.wav	6	18 スズメ	14.5㎝	全国	留鳥	平地から山地の住宅地、集落、農耕地など
6_19	db/日本野鳥大鑑6/19 ニュウナイスズメ.wav	6	19 ニュウナイスズメ	14㎝	全国。繁殖は本州中部地方以北、越冬は関東地方以南	漂鳥	繁殖地は山地の森林、北海道では平地の森林。越冬地は平地の農耕地
6_20	db/日本野鳥大鑑6/20 シベリアムクドリ.wav	6	20 シベリアムクドリ	16.5㎝	ユーラシア大陸の極東で繁殖、東南アジアなどで越冬。日本では離島に少数が渡来	旅鳥。春の記録が多い	灌木林、明るい林や林の縁。日本では記録が少ないが明るい林など
6_21	db/日本野鳥大鑑6/21 コムクドリ.wav	6	21 コムクドリ	19㎝	中部地方以北で繁殖。渡りの途中は全国	夏鳥または旅鳥	本州中部地方以北では山地の森林。東北、北海道では平地の森林
6_22	db/日本野鳥大鑑6/22 ムクドリ.wav	6	22 ムクドリ	24㎝	全国。西日本では少ない	留鳥または漂鳥	平地から山地の農耕地など
6_23	db/日本野鳥大鑑6/23 ホシムクドリ.wav	6	23 ホシムクドリ	21㎝	ユーラシア大陸に広く分布。北アメリカ大陸でも移入されたものが広く分布する。日本では九州、沖縄に少数が渡来	冬鳥または旅鳥	農耕地、明るい林
6_24	db/日本野鳥大鑑6/24 コウライウグイス.wav	6	24 コウライウグイス	26㎝	ユーラシア大陸東部に広く分布。日本ではおもに日本海側の離島で少数が通過	旅鳥、記録は春が多い	よく茂った森林や村落付近の果樹園、農耕地など
6_25	db/日本野鳥大鑑6/25 オウチュウ.wav	6	25 オウチュウ	28㎝	中国中部から南部、東南アジアに広く分布。日本では、日本海側の離島などで少数が通過	旅鳥。記録は春	農耕地などの平地
6_26	db/日本野鳥大鑑6/26 カケス.wav	6	26 カケス	33㎝	全国	留鳥	山地の森林、冬は低山から平地の森林でも
6_27	db/日本野鳥大鑑6/27 ミヤマカケス.wav	6	27 ミヤマカケス					詳細記載なし
6_28	db/日本野鳥大鑑6/28 ルリカケス.wav	6	28 ルリカケス	38㎝	鹿児島県奄美大島	留鳥	よく茂った常緑広葉樹林
6_29	db/日本野鳥大鑑6/29 オナガ.wav	6	29 オナガ	37㎝	中部地方以北から東北地方南部以南	留鳥	低地から山地の森林
6_30	db/日本野鳥大鑑6/30 カササギ.wav	6	30 カササギ	45㎝	ユーラシア大陸に広く分布。日本では移入されたものが佐賀県を中心に九州北部	留鳥	平野部の農耕地、村落など
6_31	db/日本野鳥大鑑6/31 ホシガラス.wav	6	31 ホシガラス	35㎝	北海道、本州、四国	留鳥または漂鳥	亜高山の針葉樹林など
6_32	db/日本野鳥大鑑6/32 コクマルガラス.wav	6	32 コクマルガラス	33㎝	ユーラシア大陸の東部に広く分布するが、日本では、おもに西日本	冬鳥	農耕地、住宅地、明るい林など
6_33	db/日本野鳥大鑑6/33 ニシコクマルガラス.wav	6	33 ニシコクマルガラス	33㎝	ユーラシア大陸西部に広く分布。日本では北海道での記録のみ	旅鳥と思われる	集落、農耕地
6_34	db/日本野鳥大鑑6/34 イエガラス.wav	6	34 イエガラス	43㎝	インドからスリランカに分布。移入されたものがシンガポール、紅海沿岸、アフリカの一部に生息。日本では大阪での記録が１例あるのみ	記録では冬鳥と思われる	農耕地、都市近郊、明るい林など
6_35	db/日本野鳥大鑑6/35 ミヤマガラス.wav	6	35 ミヤマガラス	47㎝	ユーラシア大陸に広く分布。日本では九州を中心とした西日本と北海道南部、東北地方などに渡来	冬鳥	農耕地
6_36	db/日本野鳥大鑑6/36 ハシボソガラス.wav	6	36 ハシボソガラス	50㎝	全国	留鳥	平地から山地の農耕地、草原、林など
6_37	db/日本野鳥大鑑6/37 ハシブトガラス.wav	6	37 ハシブトガラス	56.5㎝	全国	留鳥	平地の市街地、農耕地、海辺から山地の森林など
6_38	db/日本野鳥大鑑6/38 オサハシブトガラス.wav	6	38 オサハシブトガラス					詳細記載なし
6_39	db/日本野鳥大鑑6/39 ワタリガラス.wav	6	39 ワタリガラス	61㎝	ユーラシア大陸から北米大陸に広く分布。日本では北海道北部と東部	おもに冬鳥	海岸とその周辺
6_40	db/日本野鳥大鑑6/40 インドトキコウ.wav	6	40 インドトキコウ	93～103㎝	インド、東南アジア	留鳥	おもに淡水の湿地、池沼、河口、干潟	↓外来種
6_41	db/日本野鳥大鑑6/41 アフリカクロトキ.wav	6	41 アフリカクロトキ	95～105㎝	アフリカ中央の東部から西部	留鳥	湖沼、河川、河口、干潟など湿地
6_42	db/日本野鳥大鑑6/42 コクチョウ.wav	6	42 コクチョウ	110～140㎝	オーストラリア、ニュージーランド	留鳥	湖沼
6_43	db/日本野鳥大鑑6/43 ガチョウ.wav	6	43 ガチョウ	80～90㎝	日本では各地	家禽のため区分なし	湖沼、河川
6_44	db/日本野鳥大鑑6/44 アヒル.wav	6	44 アヒル	60㎝	全国	家禽のため区分なし	湖沼、池沼
6_45	db/日本野鳥大鑑6/45 コウライキジ.wav	6	45 コウライキジ	雄85㎝、雌50㎝	北海道、対馬	留鳥	農耕地、牧場、林など
6_46	db/日本野鳥大鑑6/46 コジュケイ.wav	6	46 コジュケイ	27㎝	関東地方と山陽地方を結ぶ線以南と佐渡島	留鳥	平地、低山などの林や公園
6_47	db/日本野鳥大鑑6/47 テッケイ.wav	6	47 テッケイ					詳細記載なし
6_48	db/日本野鳥大鑑6/48 キンケイ.wav	6	48 キンケイ	雄100㎝、雌65㎝	中国中部	留鳥	公園、住宅地
6_49	db/日本野鳥大鑑6/49 ドバト.wav	6	49 ドバト	33㎝	全国	留鳥	都市、農耕地、岩礁海岸
6_50	db/日本野鳥大鑑6/50 チョウショウバト.wav	6	50 チョウショウバト	21㎝	マレー半島、スマトラ島、ジャワ島など東南アジア	留鳥	平地を中心に開けた林から藪地、公園など
6_51	db/日本野鳥大鑑6/51 オカメインコ.wav	6	51 オカメインコ	32㎝	オーストラリア	留鳥	森林、平原と幅広い
6_52	db/日本野鳥大鑑6/52 セキセイインコ.wav	6	52 セキセイインコ	18㎝	オーストラリア	ほぼ留鳥	灌木林、サバンナ、藪のある平原など開けた環境
6_53	db/日本野鳥大鑑6/53 ワカケホンセイインコ.wav	6	53 ワカケホンセイインコ	37～43㎝	インド、アフリカ中央部	留鳥	半砂漠、丈の低い草地、サバンナ、藪地、平地林、乾燥し開けた環境に多い
6_54	db/日本野鳥大鑑6/54 コンゴウインコ.wav	6	54 コンゴウインコ	84～89㎝	中央アメリカから南アメリカ北部	留鳥	平地のよく繁った常緑樹の森林、サバンナ
6_55	db/日本野鳥大鑑6/55 コウラウン.wav	6	55 コウラウン	19～20㎝	インドから東南アジア、中国南部（ハワイなどで帰化）	留鳥	森林、公園、庭園
6_56	db/日本野鳥大鑑6/56 シキチョウ.wav	6	56 シキチョウ	23㎝	南アジア	留鳥	庭園、公園、集落、市街地
6_57	db/日本野鳥大鑑6/57 アカハラシキチョウ.wav	6	57 アカハラシキチョウ	22㎝	インド、バングラディッシュ、スリランカなどで局地的	留鳥	常緑樹の森林、竹林
6_58	db/日本野鳥大鑑6/58 ハクオウチョウ.wav	6	58 ハクオウチョウ	28㎝	インド北部、中国南西部、マレー半島など	留鳥	低木の藪、森林の下生えなど
6_59	db/日本野鳥大鑑6/59 ソウシチョウ.wav	6	59 ソウシチョウ	15㎝	中国中南部からインドシナ半島	留鳥	森林の下生え
6_60	db/日本野鳥大鑑6/60 ガビチョウ.wav	6	60 ガビチョウ	23㎝	中国南東部、台湾、インドシナ半島	留鳥	丘陵地から山地の森林、村落周辺の灌木の藪、竹林など
6_61	db/日本野鳥大鑑6/61 カオジロガビチョウ.wav	6	61 カオジロガビチョウ	23㎝	中国南東部、台湾、インドシナ半島	留鳥	丘陵地から山地の森林、村落周辺の灌木の藪、竹林など
6_62	db/日本野鳥大鑑6/62 ショウジョウコウカンチョウ.wav	6	62 ショウジョウコウカンチョウ	22㎝	カナダ南東部、アメリカ東部からメキシコ、ハワイに移入	留鳥	林縁部、低木林、庭園、沼地
6_63	db/日本野鳥大鑑6/63 ホウコウチョウ.wav	6	63 ホウコウチョウ	10㎝	アフリカ西部から南部	留鳥	乾いた草原、サバンナ
6_64	db/日本野鳥大鑑6/64 カエデチョウ.wav	6	64 カエデチョウ	10㎝	アフリカ南部から中部	ほぼ留鳥	乾燥した草原、サバンナ、灌木林
6_65	db/日本野鳥大鑑6/65 ベニスズメ.wav	6	65 ベニスズメ	10㎝	インド、東南アジア、中国南部、ジャワ、バリ島	留鳥	草地、農耕地、藪地など
6_66	db/日本野鳥大鑑6/66 キンカチョウ.wav	6	66 キンカチョウ	10㎝	オーストラリア、小スンダ島など	留鳥	乾燥した草原、灌木の点在する開けた環境
6_67	db/日本野鳥大鑑6/67 ギンパラ.wav	6	67 ギンパラ	10.5～11.5㎝	インド南部から中央部、中国南西部、台湾、インドネシア	ほぼ留鳥	農耕地、草地、沼地
6_68	db/日本野鳥大鑑6/68 キンパラ.wav	6	68 キンパラ	11.5㎝	インド南部、ミャンマー	留鳥	農耕地、草地、沼地
6_69	db/日本野鳥大鑑6/69 コシジロキンパラ.wav	6	69 コシジロキンパラ	11.5㎝	インド、中国南部、台湾、東南アジア	留鳥	灌木が点在するような草原、農耕地
6_70	db/日本野鳥大鑑6/70 コゲチャキンパラ.wav	6	70 コゲチャキンパラ	11㎝	ボルネオ	留鳥	水田、河川敷の草原
6_71	db/日本野鳥大鑑6/71 シマキンパラ.wav	6	71 シマキンパラ	10～12.5㎝	インドから台湾、インドネシア	留鳥	明るい林、藪の点在する草原、庭園など
6_72	db/日本野鳥大鑑6/72 ギンハシ.wav	6	72 ギンハシ	11～11.5㎝	インド、スリランカ	留鳥	乾燥した草原、イバラや藪が点在するような砂漠
6_73	db/日本野鳥大鑑6/73 ヘキチョウ.wav	6	73 ヘキチョウ	11㎝	マレー半島、スマトラ、ジャワ、バリ	留鳥	湿地が点在するような草原、刈り取り後の水田
6_74	db/日本野鳥大鑑6/74 ブンチョウ.wav	6	74 ブンチョウ	16㎝	ジャワ島、バリ島（東南アジア、オーストラリアに移入）	留鳥	庭園、農耕地
6_75	db/日本野鳥大鑑6/75 キンランチョウ.wav	6	75 キンランチョウ	12～14㎝	サハラ以南のアフリカ	ほぼ留鳥	乾燥した草原
6_76	db/日本野鳥大鑑6/76 ホオジロムクドリ.wav	6	76 ホオジロムクドリ	23㎝	インドからインドシナ半島	留鳥	開けた農耕地、よく繁った草原など
6_77	db/日本野鳥大鑑6/77 インドハッカ.wav	6	77 インドハッカ	25㎝	インド、スリランカ、ミャンマー、中国南西部、ハワイ、オーストラリア、南アフリカなどに移入	留鳥	市街地、公園、農耕地、森林
6_78	db/日本野鳥大鑑6/78 ハッカチョウ.wav	6	78 ハッカチョウ	27㎝	中国中部から南東部、台湾、ベトナムなど	留鳥	農耕地、集落、果樹園
6_79	db/日本野鳥大鑑6/79 キュウカンチョウ.wav	6	79 キュウカンチョウ	25～29㎝	インド、東南アジア	留鳥	よく繁った広葉常緑樹の森林
6_80	db/日本野鳥大鑑6/80 ヤマムスメ.wav	6	80 ヤマムスメ	64㎝	台湾	留鳥	山地の森林
