audio_id	audio_file_path	romaji_name	romaji_to_kana	id	en_name	ja_name	path	ja_path_name	en_path_name	path_taxon_rank_name
278	data01/rtsubame_120419_yona_moriya.0005.wav	rtsubame	Rツバメ							
959	data01/rtsubame_120419_yona_moriya.0000.wav	rtsubame	Rツバメ							
2235	data01/rtsubame_120419_yona_moriya.0004.wav	rtsubame	Rツバメ							
2323	data01/rtsubame_120419_yona_moriya.0007.wav	rtsubame	Rツバメ							
4166	data01/rtsubame_120419_yona_moriya.0001.wav	rtsubame	Rツバメ							
4233	data01/rtsubame_120419_yona_moriya.0003.wav	rtsubame	Rツバメ							
4744	data01/rtsubame_120419_yona_moriya.0006.wav	rtsubame	Rツバメ							
4880	data01/rtsubame_120419_yona_moriya.0002.wav	rtsubame	Rツバメ							
1066	data01/amurumusikui_160502_hyogo_kaji.0002.wav	amurumusikui	アムールムシクイ							
1541	data01/amurumusikui_160502_hyogo_kaji.0001.wav	amurumusikui	アムールムシクイ							
1764	data01/amurumusikui_160502_hyogo_kaji.0000.wav	amurumusikui	アムールムシクイ							
33	data01/osahashibuto_120423_ishigaki_moriya.0009.wav	osahashibuto	オサハシブト							
530	data01/osahashibuto_120423_ishigaki_moriya.0008.wav	osahashibuto	オサハシブト							
1070	data01/osahashibuto_120423_ishigaki_moriya.0005.wav	osahashibuto	オサハシブト							
1683	data01/osahashibuto_120423_ishigaki_moriya.0006.wav	osahashibuto	オサハシブト							
1684	data01/osahashibuto_120423_ishigaki_moriya.0010.wav	osahashibuto	オサハシブト							
1946	data01/osahashibuto_120423_ishigaki_moriya.0011.wav	osahashibuto	オサハシブト							
2144	data01/osahashibuto_120423_ishigaki_moriya.0004.wav	osahashibuto	オサハシブト							
3195	data01/osahashibuto_120423_ishigaki_moriya.0007.wav	osahashibuto	オサハシブト							
4163	data01/osahashibuto_120423_ishigaki_moriya.0002.wav	osahashibuto	オサハシブト							
4270	data01/osahashibuto_120423_ishigaki_moriya.0001.wav	osahashibuto	オサハシブト							
4485	data01/osahashibuto_120423_ishigaki_moriya.0003.wav	osahashibuto	オサハシブト							
4893	data01/osahashibuto_120423_ishigaki_moriya.0000.wav	osahashibuto	オサハシブト							
6	data01/ochu2_150524_tsushima_mju.0005.wav	ochu	オチュ							
238	data01/ochu_150524_tsushima_mju.0014.wav	ochu	オチュ							
342	data01/ochu2_150524_tsushima_mju.0014.wav	ochu	オチュ							
410	data01/ochu2_150524_tsushima_mju.0010.wav	ochu	オチュ							
546	data01/ochu2_150524_tsushima_mju.0001.wav	ochu	オチュ							
594	data01/ochu2_150524_tsushima_mju.0008.wav	ochu	オチュ							
681	data01/ochu2_150524_tsushima_mju.0000.wav	ochu	オチュ							
727	data01/ochu_150524_tsushima_mju.0003.wav	ochu	オチュ							
728	data01/ochu_150524_tsushima_mju.0005.wav	ochu	オチュ							
1236	data01/ochu_150524_tsushima_mju.0008.wav	ochu	オチュ							
1281	data01/ochu2_150524_tsushima_mju.0007.wav	ochu	オチュ							
1889	data01/ochu_150524_tsushima_mju.0007.wav	ochu	オチュ							
2055	data01/ochu2_150524_tsushima_mju.0004.wav	ochu	オチュ							
2140	data01/ochu_150524_tsushima_mju.0000.wav	ochu	オチュ							
2301	data01/ochu_150524_tsushima_mju.0004.wav	ochu	オチュ							
2519	data01/ochu_150524_tsushima_mju.0009.wav	ochu	オチュ							
2655	data01/ochu2_150524_tsushima_mju.0013.wav	ochu	オチュ							
2877	data01/ochu2_150524_tsushima_mju.0006.wav	ochu	オチュ							
2899	data01/ochu_150524_tsushima_mju.0011.wav	ochu	オチュ							
2982	data01/ochu_150524_tsushima_mju.0002.wav	ochu	オチュ							
2983	data01/ochu_150524_tsushima_mju.0010.wav	ochu	オチュ							
3186	data01/ochu_150524_tsushima_mju.0012.wav	ochu	オチュ							
3663	data01/ochu2_150524_tsushima_mju.0012.wav	ochu	オチュ							
4090	data01/ochu2_150524_tsushima_mju.0011.wav	ochu	オチュ							
4265	data01/ochu2_150524_tsushima_mju.0002.wav	ochu	オチュ							
4354	data01/ochu2_150524_tsushima_mju.0009.wav	ochu	オチュ							
4529	data01/ochu_150524_tsushima_mju.0015.wav	ochu	オチュ							
4597	data01/ochu_150524_tsushima_mju.0013.wav	ochu	オチュ							
4622	data01/ochu_150524_tsushima_mju.0006.wav	ochu	オチュ							
4705	data01/ochu_150524_tsushima_mju.0001.wav	ochu	オチュ							
4709	data01/ochu2_150524_tsushima_mju.0003.wav	ochu	オチュ							
4878	data01/ochu2_150524_tsushima_mju.0015.wav	ochu	オチュ							
356	data01/kimayu_151014_fukuoka_kuroda.0004.wav	kimayu	キマユ							
2481	data01/kimayu_151014_fukuoka_kuroda.0002.wav	kimayu	キマユ							
2874	data01/kimayu_151014_fukuoka_kuroda.0000.wav	kimayu	キマユ							
3753	data01/kimayu_151014_fukuoka_kuroda.0003.wav	kimayu	キマユ							
4550	data01/kimayu_151014_fukuoka_kuroda.0001.wav	kimayu	キマユ							
1195	data01/komori_091212_ehime_kuroda.0003.wav	komori	コモリ							
2483	data01/komori_091212_ehime_kuroda.0001.wav	komori	コモリ							
3228	data01/komori_091212_ehime_kuroda.0000.wav	komori	コモリ							
4883	data01/komori_091212_ehime_kuroda.0002.wav	komori	コモリ							
3697	data01/korigamo_110205_wakkanai_mju.0000.wav	korigamo	コリガモ							
753	data01/amagaeru_060607_hino_mju.0000.wav	amagaeru	動物							
195	data01/ezorisu_110402_maruyama_namba.0004.wav	ezorisu	動物							
999	data01/ezorisu_110402_maruyama_namba.0001.wav	ezorisu	動物							
1613	data01/ezorisu_110402_maruyama_namba.0002.wav	ezorisu	動物							
2754	data01/ezorisu_110402_maruyama_namba.0000.wav	ezorisu	動物							
2999	data01/ezorisu_110402_maruyama_namba.0005.wav	ezorisu	動物							
4237	data01/ezorisu_110402_maruyama_namba.0003.wav	ezorisu	動物							
76	data01/ezosen_130603_muroran_kuros.0002.wav	ezosen	動物	Q1584677						
406	data01/hikigaeru_110313_kokubunji_mju.0004.wav	hikigaeru	動物							
1284	data01/hikigaeru_110313_kokubunji_mju.0003.wav	hikigaeru	動物							
1364	data01/hikigaeru_110313_kokubunji_mju.0000.wav	hikigaeru	動物							
2547	data01/hikigaeru_110313_kokubunji_mju.0002.wav	hikigaeru	動物							
3162	data01/hikigaeru_110313_kokubunji_mju.0001.wav	hikigaeru	動物							
3478	data01/hikigaeru_110313_kokubunji_mju.0005.wav	hikigaeru	動物							
757	data01/hinakomori_140527_wakayama_kuroda.0001.wav	hinakomori	動物							
1509	data01/hinakomori_140527_wakayama_kuroda.0002.wav	hinakomori	動物							
2951	data01/hinakomori_140527_wakayama_kuroda.0006.wav	hinakomori	動物							
2955	data01/hinakomori_140527_wakayama_kuroda.0004.wav	hinakomori	動物							
3100	data01/hinakomori_140527_wakayama_kuroda.0005.wav	hinakomori	動物							
3397	data01/hinakomori_140527_wakayama_kuroda.0003.wav	hinakomori	動物							
4335	data01/hinakomori_140527_wakayama_kuroda.0000.wav	hinakomori	動物							
2532	data01/kamoshika_140510_nikko_abe.0000.wav	kamoshika	動物							
1597	data01/kitakitsune_051017_muroran_mju.0002.wav	kitakitsune	動物							
2295	data01/kitakitsune_051017_muroran_mju.0000.wav	kitakitsune	動物							
2873	data01/kitakitsune_051017_muroran_mju.0001.wav	kitakitsune	動物							
3257	data01/kitakitsune_051017_muroran_mju.0003.wav	kitakitsune	動物							
4438	data01/kitakitsune_051017_muroran_mju.0004.wav	kitakitsune	動物							
302	data01/moriaogaeru_100618_sado_mju.0007.wav	moriaogaeru	動物							
734	data01/moriaogaeru_100618_sado_mju.0009.wav	moriaogaeru	動物							
985	data01/moriaogaeru_100618_sado_mju.0006.wav	moriaogaeru	動物							
1323	data01/moriaogaeru_100618_sado_mju.0001.wav	moriaogaeru	動物							
1398	data01/moriaogaeru_100618_sado_mju.0010.wav	moriaogaeru	動物							
1479	data01/moriaogaeru_100618_sado_mju.0002.wav	moriaogaeru	動物							
2003	data01/moriaogaeru_100618_sado_mju.0008.wav	moriaogaeru	動物							
2438	data01/moriaogaeru_100618_sado_mju.0004.wav	moriaogaeru	動物							
2816	data01/moriaogaeru_100618_sado_mju.0012.wav	moriaogaeru	動物							
3420	data01/moriaogaeru_100618_sado_mju.0013.wav	moriaogaeru	動物							
3628	data01/moriaogaeru_100618_sado_mju.0000.wav	moriaogaeru	動物							
3936	data01/moriaogaeru_100618_sado_mju.0011.wav	moriaogaeru	動物							
4117	data01/moriaogaeru_100618_sado_mju.0014.wav	moriaogaeru	動物							
4403	data01/moriaogaeru_100618_sado_mju.0005.wav	moriaogaeru	動物							
4619	data01/moriaogaeru_100618_sado_mju.0003.wav	moriaogaeru	動物							
486	data01/nezumi_080409_tottori_kuroda.0006.wav	nezumi	動物							
596	data01/nezumi_080409_tottori_kuroda.0001.wav	nezumi	動物							
2964	data01/nezumi_080409_tottori_kuroda.0003.wav	nezumi	動物							
3700	data01/nezumi_080409_tottori_kuroda.0004.wav	nezumi	動物							
4058	data01/nezumi_080409_tottori_kuroda.0000.wav	nezumi	動物							
4197	data01/nezumi_080409_tottori_kuroda.0002.wav	nezumi	動物							
4535	data01/nezumi_080409_tottori_kuroda.0005.wav	nezumi	動物							
941	data01/saru_11060700_chichibu_mju.0003.wav	saru	動物							
1703	data01/saru_11060700_chichibu_mju.0002.wav	saru	動物							
2099	data01/saru_11060700_chichibu_mju.0007.wav	saru	動物							
2407	data01/saru_11060700_chichibu_mju.0001.wav	saru	動物							
3652	data01/saru_11060700_chichibu_mju.0004.wav	saru	動物							
4135	data01/saru_11060700_chichibu_mju.0005.wav	saru	動物							
4251	data01/saru_11060700_chichibu_mju.0000.wav	saru	動物							
4308	data01/saru_11060700_chichibu_mju.0006.wav	saru	動物							
4253	data01/shika_090528_chichibu_mju.0002.wav	shika	動物							
4539	data01/shika_090528_chichibu_mju.0000.wav	shika	動物							
4773	data01/shika_090528_chichibu_mju.0001.wav	shika	動物							
998	data01/tagogaeru_060603_okutadami_mju.0005.wav	tagogaeru	動物							
2086	data01/tagogaeru_060603_okutadami_mju.0004.wav	tagogaeru	動物							
2259	data01/tagogaeru_060603_okutadami_mju.0007.wav	tagogaeru	動物							
2450	data01/tagogaeru_060603_okutadami_mju.0006.wav	tagogaeru	動物							
2582	data01/tagogaeru_060603_okutadami_mju.0003.wav	tagogaeru	動物							
2753	data01/tagogaeru_060603_okutadami_mju.0001.wav	tagogaeru	動物							
3513	data01/tagogaeru_060603_okutadami_mju.0000.wav	tagogaeru	動物							
4500	data01/tagogaeru_060603_okutadami_mju.0002.wav	tagogaeru	動物							
144	data01/yamaakagaeru_200702_hyogo_kuroda.0003.wav	yamaakagaeru	動物							
224	data01/yamaakagaeru_200702_hyogo_kuroda.0001.wav	yamaakagaeru	動物							
283	data01/yamaakagaeru_200702_hyogo_kuroda.0010.wav	yamaakagaeru	動物							
1651	data01/yamaakagaeru_200702_hyogo_kuroda.0000.wav	yamaakagaeru	動物							
1732	data01/yamaakagaeru_200702_hyogo_kuroda.0007.wav	yamaakagaeru	動物							
1962	data01/yamaakagaeru_200702_hyogo_kuroda.0002.wav	yamaakagaeru	動物							
2650	data01/yamaakagaeru_200702_hyogo_kuroda.0006.wav	yamaakagaeru	動物							
3139	data01/yamaakagaeru_200702_hyogo_kuroda.0004.wav	yamaakagaeru	動物							
3608	data01/yamaakagaeru_200702_hyogo_kuroda.0008.wav	yamaakagaeru	動物							
4440	data01/yamaakagaeru_200702_hyogo_kuroda.0005.wav	yamaakagaeru	動物							
4557	data01/yamaakagaeru_200702_hyogo_kuroda.0011.wav	yamaakagaeru	動物							
4754	data01/yamaakagaeru_200702_hyogo_kuroda.0009.wav	yamaakagaeru	動物							
	audio_file_path	romaji_name								
1103	data01/akaeri_110702_sarobetsu_namba.0001.wav	akaeri		Q206840						
3238	data01/akaeri_110702_sarobetsu_namba.0002.wav	akaeri		Q206840						
3302	data01/akaeri_110702_sarobetsu_namba.0000.wav	akaeri		Q206840						
38	data01/akashobin_150611_kosado_mju.0002.wav	akashobin		Q1110083						
108	data01/akashobin_150611_kosado_mju.0000.wav	akashobin		Q1110083						
309	data01/akashobin_150611_kosado_mju.0001.wav	akashobin		Q1110083						
796	data01/akashobin_150613_okutadami_abe.0007.wav	akashobin		Q1110083						
976	data01/akashobin_100512_shiiba_mju.0000.wav	akashobin		Q1110083						
1685	data01/akashobin_150613_okutadami_abe.0006.wav	akashobin		Q1110083						
2396	data01/akashobin_150613_okutadami_abe.0010.wav	akashobin		Q1110083						
2994	data01/akashobin_150613_okutadami_abe.0001.wav	akashobin		Q1110083						
3045	data01/akashobin_150613_okutadami_abe.0008.wav	akashobin		Q1110083						
3112	data01/akashobin_150613_okutadami_abe.0002.wav	akashobin		Q1110083						
3269	data01/akashobin_150613_okutadami_abe.0000.wav	akashobin		Q1110083						
3702	data01/akashobin_150613_okutadami_abe.0004.wav	akashobin		Q1110083						
4015	data01/akashobin_150613_okutadami_abe.0003.wav	akashobin		Q1110083						
4513	data01/akashobin_150613_okutadami_abe.0005.wav	akashobin		Q1110083						
4534	data01/akashobin_150613_okutadami_abe.0009.wav	akashobin		Q1110083						
4708	data01/akashobin_150611_kosado_mju.0003.wav	akashobin		Q1110083						
557	data01/amerikakoaji_140718_hikawahama_nuka.0001.wav	amerikakoaji		Q28168						
1985	data01/amerikakoaji_140718_hikawahama_nuka.0002.wav	amerikakoaji		Q28168						
2191	data01/amerikakoaji_140718_hikawahama_nuka.0003.wav	amerikakoaji		Q28168						
3225	data01/amerikakoaji_140718_hikawahama_nuka.0000.wav	amerikakoaji		Q28168						
3866	data01/amerikakoaji_140718_hikawahama_nuka.0004.wav	amerikakoaji		Q28168						
4764	data01/amerikakoaji_140718_hikawahama_nuka.0005.wav	amerikakoaji		Q28168						
19	data01/bupposo970803_tottori_kuroda.0000.wav	bupposo		Q44109						
852	data01/bupposo_110730_kibi_kuroda.0002.wav	bupposo		Q44109						
1107	data01/bupposo970803_tottori_kuroda.0002.wav	bupposo		Q44109						
1670	data01/bupposo_110730_kibi_kuroda.0003.wav	bupposo		Q44109						
1809	data01/bupposo970803_tottori_kuroda.0005.wav	bupposo		Q44109						
1994	data01/bupposo_110730_kibi_kuroda.0001.wav	bupposo		Q44109						
2330	data01/bupposo970803_tottori_kuroda.0001.wav	bupposo		Q44109						
2799	data01/bupposo970803_tottori_kuroda.0003.wav	bupposo		Q44109						
3737	data01/bupposo970803_tottori_kuroda.0006.wav	bupposo		Q44109						
4097	data01/bupposo970803_tottori_kuroda.0008.wav	bupposo		Q44109						
4098	data01/bupposo_110730_kibi_kuroda.0000.wav	bupposo		Q44109						
4127	data01/bupposo970803_tottori_kuroda.0007.wav	bupposo		Q44109						
4269	data01/bupposo970803_tottori_kuroda.0004.wav	bupposo		Q44109						
1390	data01/chigohaya_110601_morioka_mikami.0004.wav	chigohaya		Q25876						
1662	data01/chigohaya_110601_morioka_mikami.0001.wav	chigohaya		Q25876						
2507	data01/chigohaya_110601_morioka_mikami.0003.wav	chigohaya		Q25876						
2616	data01/chigohaya_110601_morioka_mikami.0000.wav	chigohaya		Q25876						
2659	data01/chigohaya_110601_morioka_mikami.0002.wav	chigohaya		Q25876						
3609	data01/chigohaya_110601_morioka_mikami.0005.wav	chigohaya		Q25876						
27	data01/chogenbo_keikai_130303_utsunomiya_hirano.0000.wav	chogenbo		Q25876						
806	data01/chogenbo_141026_hyogo_kuroda.0001.wav	chogenbo		Q25876						
1145	data01/chogenbo_130219_utsunomiya_hirano.0000.wav	chogenbo		Q25876						
1353	data01/chogenbo_141026_hyogo_kuroda.0000.wav	chogenbo		Q25876						
1446	data01/chogenbo_141026_hyogo_kuroda.0002.wav	chogenbo		Q25876						
2662	data01/chogenbo_keikai_130303_utsunomiya_hirano.0002.wav	chogenbo		Q25876						
3067	data01/chogenbo_keikai_130303_utsunomiya_hirano.0001.wav	chogenbo		Q25876						
177	data01/tyuhi_100406_watarase.0007.wav	chuhi		Q1269372						
571	data01/tyuhi_100406_watarase.0000.wav	chuhi		Q1269372						
646	data01/tyuhi_100406_watarase.0003.wav	chuhi		Q1269372						
772	data01/chuhi_091124_watarase_hirano.0000.wav	chuhi		Q1269372						
865	data01/tyuhi_100406_watarase.0002.wav	chuhi		Q1269372						
1021	data01/chuhi_080110_watarase_hirano.0002.wav	chuhi		Q1269372						
1373	data01/chuhi_080110_watarase_hirano.0001.wav	chuhi		Q1269372						
1406	data01/tyuhi_100406_watarase.0006.wav	chuhi		Q1269372						
1682	data01/tyuhi_100406_watarase.0008.wav	chuhi		Q1269372						
1768	data01/tyuhi_100406_watarase.0005.wav	chuhi		Q1269372						
1789	data01/chuhi_091124_watarase_hirano.0001.wav	chuhi		Q1269372						
2254	data01/tyuhi_100406_watarase.0009.wav	chuhi		Q1269372						
2609	data01/chuhi_091124_watarase_hirano.0005.wav	chuhi		Q1269372						
2697	data01/chuhi_091124_watarase_hirano.0002.wav	chuhi		Q1269372						
3237	data01/chuhi_080110_watarase_hirano.0000.wav	chuhi		Q1269372						
3501	data01/tyuhi_100406_watarase.0004.wav	chuhi		Q1269372						
3830	data01/chuhi_091124_watarase_hirano.0004.wav	chuhi		Q1269372						
4122	data01/chuhi_091124_watarase_hirano.0003.wav	chuhi		Q1269372						
4326	data01/tyuhi_100406_watarase.0001.wav	chuhi		Q1269372						
512	data01/chushaku1_120430_tatsuno_kuroda.0000.wav	chushakushyigi		QI8858						
1900	data01/chushakushyigi_120423_ishigaki_moriya.0002.wav	chushakushyigi		QI8858						
1950	data01/chushakushyigi_120423_ishigaki_moriya.0000.wav	chushakushyigi		QI8858						
2303	data01/chushaku_120430_tatsuno_kuroda.0003.wav	chushakushyigi		QI8858						
2615	data01/chushaku1_120430_tatsuno_kuroda.0001.wav	chushakushyigi		QI8858						
3043	data01/chushaku_120430_tatsuno_kuroda.0000.wav	chushakushyigi		QI8858						
3202	data01/chushakushyigi_120423_ishigaki_moriya.0001.wav	chushakushyigi		QI8858						
3927	data01/chushaku_120430_tatsuno_kuroda.0002.wav	chushakushyigi		QI8858						
3992	data01/chushaku1_120430_tatsuno_kuroda.0002.wav	chushakushyigi		QI8858						
4184	data01/chushakushyigi_120423_ishigaki_moriya.0003.wav	chushakushyigi		QI8858						
4206	data01/chushakushyigi_120423_ishigaki_moriya.0005.wav	chushakushyigi		QI8858						
4399	data01/chushakushyigi_120423_ishigaki_moriya.0004.wav	chushakushyigi		QI8858						
4508	data01/chushaku_120430_tatsuno_kuroda.0001.wav	chushakushyigi		QI8858						
3113	data01/dobato_100506_kunitachi_mju.0000.wav	dobato		Q4236						
134	data01/ezoraicho_080703_doto_kuroda.0008.wav	ezoraicho		Q182761						
259	data01/ezoraicho2_160420_furano_cf.0004.wav	ezoraicho		Q182761						
274	data01/ezoraicho_080703_doto_kuroda.0006.wav	ezoraicho		Q182761						
690	data01/ezoraicho_080703_doto_kuroda.0000.wav	ezoraicho		Q182761						
828	data01/ezoraicho_080703_doto_kuroda2.0001.wav	ezoraicho		Q182761						
1093	data01/ezoraicho2_160420_furano_cf.0003.wav	ezoraicho		Q182761						
1204	data01/ezoraicho_080703_doto_kuroda2.0002.wav	ezoraicho		Q182761						
1270	data01/ezoraicho_080703_doto_kuroda.0005.wav	ezoraicho		Q182761						
1291	data01/ezoraicho_080703_doto_kuroda2.0003.wav	ezoraicho		Q182761						
1724	data01/ezoraicho_080703_doto_kuroda.0007.wav	ezoraicho		Q182761						
1861	data01/ezoraicho_080703_doto_kuroda.0001.wav	ezoraicho		Q182761						
2345	data01/ezoraicho_160420_furano_cf.0001.wav	ezoraicho		Q182761						
2493	data01/ezoraicho_080703_doto_kuroda.0009.wav	ezoraicho		Q182761						
2719	data01/ezoraicho2_160420_furano_cf.0002.wav	ezoraicho		Q182761						
2777	data01/ezoraicho2_160420_furano_cf.0001.wav	ezoraicho		Q182761						
3342	data01/ezoraicho_160420_furano_cf.0002.wav	ezoraicho		Q182761						
3423	data01/ezoraicho_160420_furano_cf.0000.wav	ezoraicho		Q182761						
3474	data01/ezoraicho_080703_doto_kuroda2.0000.wav	ezoraicho		Q182761						
3831	data01/ezoraicho_080703_doto_kuroda.0002.wav	ezoraicho		Q182761						
3949	data01/ezoraicho2_160420_furano_cf.0000.wav	ezoraicho		Q182761						
4716	data01/ezoraicho_080703_doto_kuroda.0004.wav	ezoraicho		Q182761						
4738	data01/ezoraicho_080703_doto_kuroda.0003.wav	ezoraicho		Q182761						
183	data01/ezosen_090819_nemuro_mju.0005.wav	ezosen		Q1584677						
575	data01/ezosen_090819_nemuro_mju.0003.wav	ezosen		Q1584677						
773	data01/ezosen_130603_muroran_kuros.0001.wav	ezosen		Q1584677						
869	data01/ezosen_090819_nemuro_mju.0007.wav	ezosen		Q1584677						
1544	data01/ezosen_090819_nemuro_mju.0004.wav	ezosen		Q1584677						
1608	data01/ezosen_090819_nemuro_mju.0000.wav	ezosen		Q1584677						
2279	data01/ezosen_130603_muroran_kuros.0000.wav	ezosen		Q1584677						
2397	data01/ezosen_090819_nemuro_mju.0002.wav	ezosen		Q1584677						
2791	data01/ezosen_130603_muroran_kuros.0003.wav	ezosen		Q1584677						
2959	data01/ezosen_130603_muroran_kuros.0005.wav	ezosen		Q1584677						
3270	data01/ezosen_090819_nemuro_mju.0006.wav	ezosen		Q1584677						
3754	data01/ezosen_130603_muroran_kuros.0004.wav	ezosen		Q1584677						
3768	data01/ezosen_090819_nemuro_mju.0001.wav	ezosen		Q1584677						
3769	data01/ezosen_090819_nemuro_mju.0008.wav	ezosen		Q1584677						
364	data01/fukuro_140510_nikko_abe.0001.wav	fukuro		Q25222						
428	data01/fukuro_070514_tanzawa_mju.0002.wav	fukuro		Q25222						
652	data01/fukuro_130514_uryu_mju.0000.wav	fukuro		Q25222						
1009	data01/fukuro_160417_osaka_murahama.0008.wav	fukuro		Q25222						
1089	data01/fukuro_110425_osaka_murahama.0004.wav	fukuro		Q25222						
1207	data01/fukuro_070514_tanzawa_mju.0000.wav	fukuro		Q25222						
1905	data01/fukuro_160417_osaka_murahama.0007.wav	fukuro		Q25222						
2106	data01/fukuro_110425_osaka_murahama.0003.wav	fukuro		Q25222						
2107	data01/fukuro_070514_tanzawa_mju.0001.wav	fukuro		Q25222						
2265	data01/fukuro_160417_osaka_murahama.0006.wav	fukuro		Q25222						
2368	data01/fukuro_070514_tanzawa_mju.0003.wav	fukuro		Q25222						
2444	data01/fukuro_130514_uryu_mju.0001.wav	fukuro		Q25222						
2540	data01/fukuro_160417_osaka_murahama.0000.wav	fukuro		Q25222						
2541	data01/fukuro_160417_osaka_murahama.0012.wav	fukuro		Q25222						
3009	data01/fukuro_160417_osaka_murahama.0011.wav	fukuro		Q25222						
3213	data01/fukuro_160417_osaka_murahama.0004.wav	fukuro		Q25222						
3253	data01/fukuro_110425_osaka_murahama.0002.wav	fukuro		Q25222						
3256	data01/fukuro_140510_nikko_abe.0000.wav	fukuro		Q25222						
3522	data01/fukuro_160417_osaka_murahama.0001.wav	fukuro		Q25222						
3586	data01/fukuro_160417_osaka_murahama.0005.wav	fukuro		Q25222						
3824	data01/fukuro_110425_osaka_murahama.0000.wav	fukuro		Q25222						
4236	data01/fukuro_070514_tanzawa_mju.0004.wav	fukuro		Q25222						
4291	data01/fukuro_110425_osaka_murahama.0001.wav	fukuro		Q25222						
4307	data01/fukuro_160417_osaka_murahama.0013.wav	fukuro		Q25222						
4420	data01/fukuro_160417_osaka_murahama.0009.wav	fukuro		Q25222						
4616	data01/fukuro_160417_osaka_murahama.0010.wav	fukuro		Q25222						
4758	data01/fukuro_160417_osaka_murahama.0003.wav	fukuro		Q25222						
4772	data01/fukuro_160417_osaka_murahama.0002.wav	fukuro		Q25222						
170	data01/gabicho_040512_hino_mju.0001.wav	gabicho		Q644294						
643	data01/gabicho_040512_hino_mju.0002.wav	gabicho		Q644294						
644	data01/gabicho_040512_hino_mju.0003.wav	gabicho		Q644294						
732	data01/gabicho_040512_hino_mju.0006.wav	gabicho		Q644294						
1234	data01/gabicho_100625_tama_miya.0000.wav	gabicho		Q644294						
1999	data01/gabicho_100625_tama_miya.0001.wav	gabicho		Q644294						
2002	data01/gabicho_040512_hino_mju.0004.wav	gabicho		Q644294						
2571	data01/gabicho_040512_hino_mju.0000.wav	gabicho		Q644294						
2742	data01/gabicho_100625_tama_miya.0003.wav	gabicho		Q644294						
3419	data01/gabicho_040512_hino_mju.0005.wav	gabicho		Q644294						
3801	data01/gabicho_100625_tama_miya.0002.wav	gabicho		Q644294						
511	data01/ginmuku_150326_cheju_mju.0004.wav	ginmuku		Q27075593						
631	data01/ginmuku_150326_cheju_mju.0003.wav	ginmuku		Q27075593						
843	data01/ginmuku_150326_cheju_mju.0001.wav	ginmuku		Q27075593						
1465	data01/ginmuku_150326_cheju_mju.0005.wav	ginmuku		Q27075593						
3825	data01/ginmuku_150326_cheju_mju.0002.wav	ginmuku		Q27075593						
4737	data01/ginmuku_150326_cheju_mju.0000.wav	ginmuku		Q27075593						
60	data01/gojukarahina_140514_kyoto_kaji.0002.wav	gojyuukara		Q156767						
121	data01/gojukara_110402_maruyama_namba.0004.wav	gojyuukara		Q156767						
257	data01/gojukara_110402_maruyama_namba.0010.wav	gojyuukara		Q156767						
293	data01/gojukara_090509_shioya_hirano.0006.wav	gojyuukara		Q156767						
474	data01/gojyuukara_111206_nasu_hirano.0005.wav	gojyuukara		Q156767						
853	data01/gojukara_090509_shioya_hirano.0004.wav	gojyuukara		Q156767						
854	data01/gojukara_090509_shioya_hirano.0005.wav	gojyuukara		Q156767						
868	data01/gojukara_070928_nasushio_hirano.0003.wav	gojyuukara		Q156767						
885	data01/gojukara_110402_maruyama_namba.0003.wav	gojyuukara		Q156767						
1116	data01/gojukara_090509_shioya_hirano.0001.wav	gojyuukara		Q156767						
1196	data01/gojukara_110402_maruyama_namba.0006.wav	gojyuukara		Q156767						
1511	data01/gojukara_110402_maruyama_namba.0011.wav	gojyuukara		Q156767						
1622	data01/gojyuukara_111206_nasu_hirano.0004.wav	gojyuukara		Q156767						
1626	data01/gojukara_110402_maruyama_namba.0009.wav	gojyuukara		Q156767						
1783	data01/gojyuukara_111206_nasu_hirano.0000.wav	gojyuukara		Q156767						
1909	data01/gojukara_110402_maruyama_namba.0007.wav	gojyuukara		Q156767						
2026	data01/gojyuukara_111206_nasu_hirano.0007.wav	gojyuukara		Q156767						
2075	data01/gojukara_090509_shioya_hirano.0003.wav	gojyuukara		Q156767						
2184	data01/gojukara_110402_maruyama_namba.0002.wav	gojyuukara		Q156767						
2185	data01/gojukara_110402_maruyama_namba.0008.wav	gojyuukara		Q156767						
2263	data01/gojyuukara_111206_nasu_hirano.0001.wav	gojyuukara		Q156767						
2268	data01/gojukarahina_140514_kyoto_kaji.0005.wav	gojyuukara		Q156767						
2305	data01/gojukara_070928_nasushio_hirano.0001.wav	gojyuukara		Q156767						
2420	data01/gojyukara_140425_nasushiobara_hirano.0001.wav	gojyuukara		Q156767						
2455	data01/gojyuukara_111206_nasu_hirano.0006.wav	gojyuukara		Q156767						
2577	data01/gojukara_070928_nasushio_hirano.0004.wav	gojyuukara		Q156767						
2684	data01/gojyuukara_111206_nasu_hirano.0002.wav	gojyuukara		Q156767						
2732	data01/gojukara_110402_maruyama_namba.0005.wav	gojyuukara		Q156767						
2786	data01/gojyukara_140425_nasushiobara_hirano.0000.wav	gojyuukara		Q156767						
2865	data01/gojukarahina_140514_kyoto_kaji.0004.wav	gojyuukara		Q156767						
2894	data01/gojukara_090509_shioya_hirano.0002.wav	gojyuukara		Q156767						
3303	data01/gojukarahina_140514_kyoto_kaji.0003.wav	gojyuukara		Q156767						
3364	data01/gojyuukara_111206_nasu_hirano.0008.wav	gojyuukara		Q156767						
3605	data01/gojukara_110402_maruyama_namba.0001.wav	gojyuukara		Q156767						
3787	data01/gojyuukara_111206_nasu_hirano.0003.wav	gojyuukara		Q156767						
3979	data01/gojukara_110402_maruyama_namba.0000.wav	gojyuukara		Q156767						
3994	data01/gojukarahina_140514_kyoto_kaji.0001.wav	gojyuukara		Q156767						
4266	data01/gojukara_090509_shioya_hirano.0000.wav	gojyuukara		Q156767						
4391	data01/gojukara_070928_nasushio_hirano.0002.wav	gojyuukara		Q156767						
4431	data01/gojukara_070928_nasushio_hirano.0000.wav	gojyuukara		Q156767						
4786	data01/gojukarahina_140514_kyoto_kaji.0000.wav	gojyuukara		Q156767						
879	data01/hajirokai_140214_tatsuno_kuroda.0001.wav	hajirokai		Q185183						
3713	data01/hajirokai_140214_tatsuno_kuroda.0002.wav	hajirokai		Q185183						
3790	data01/hajirokai_140214_tatsuno_kuroda.0000.wav	hajirokai		Q185183						
205	data01/hakkacho_120514c_himeji_kuroda.0002.wav	hakkacho		Q715819						
331	data01/hakkacho_120514c_himeji_kuroda.0005.wav	hakkacho		Q715819						
541	data01/hakkacho_120514c_himeji_kuroda.0003.wav	hakkacho		Q715819						
562	data01/hakkacho_120514b_himeji_kuroda.0002.wav	hakkacho		Q715819						
579	data01/hakkacho_131122_tasuno_kuroda.0000.wav	hakkacho		Q715819						
651	data01/hakkacho_131122_tasuno_kuroda.0007.wav	hakkacho		Q715819						
668	data01/hakkacho_120514c_himeji_kuroda.0001.wav	hakkacho		Q715819						
713	data01/hakkacho_120514b_himeji_kuroda.0004.wav	hakkacho		Q715819						
782	data01/hakkacho_120514b_himeji_kuroda.0003.wav	hakkacho		Q715819						
945	data01/hakkacho_120514a_himeji_kuroda.0001.wav	hakkacho		Q715819						
1224	data01/hakkacho_120514b_himeji_kuroda.0006.wav	hakkacho		Q715819						
1409	data01/hakkacho_131122_tasuno_kuroda.0004.wav	hakkacho		Q715819						
1432	data01/hakkacho_120514c_himeji_kuroda.0000.wav	hakkacho		Q715819						
1548	data01/hakkacho_131122_tasuno_kuroda.0006.wav	hakkacho		Q715819						
1816	data01/hakkacho_120514b_himeji_kuroda.0001.wav	hakkacho		Q715819						
1838	data01/hakkacho_131122_tasuno_kuroda.0001.wav	hakkacho		Q715819						
2353	data01/hakkacho_131122_tasuno_kuroda.0009.wav	hakkacho		Q715819						
2398	data01/hakkacho_131122_tasuno_kuroda.0005.wav	hakkacho		Q715819						
2442	data01/hakkacho_131122_tasuno_kuroda.0002.wav	hakkacho		Q715819						
2912	data01/hakkacho_131122_tasuno_kuroda.0003.wav	hakkacho		Q715819						
2913	data01/hakkacho_131122_tasuno_kuroda.0008.wav	hakkacho		Q715819						
2953	data01/hakkacho_120514b_himeji_kuroda.0000.wav	hakkacho		Q715819						
3592	data01/hakkacho_120514b_himeji_kuroda.0007.wav	hakkacho		Q715819						
3624	data01/hakkacho_120514a_himeji_kuroda.0003.wav	hakkacho		Q715819						
3835	data01/hakkacho_120514a_himeji_kuroda.0000.wav	hakkacho		Q715819						
4011	data01/hakkacho_120514a_himeji_kuroda.0002.wav	hakkacho		Q715819						
4314	data01/hakkacho_120514c_himeji_kuroda.0004.wav	hakkacho		Q715819						
4598	data01/hakkacho_120514b_himeji_kuroda.0005.wav	hakkacho		Q715819						
4634	data01/hakkacho_120514b_himeji_kuroda.0008.wav	hakkacho		Q715819						
2496	data01/harioama_080704_doto_kuroda.0001.wav	harioama		Q31769						
3163	data01/harioama_080704_doto_kuroda.0000.wav	harioama		Q31769						
1149	data01/higegabi_141015_kochi_kuroda.0003.wav	higegabi		Q3313694						
1918	data01/higegabi_141015_kochi_kuroda.0000.wav	higegabi		Q3313694						
1963	data01/higegabi_141015_kochi_kuroda.0002.wav	higegabi		Q3313694						
3631	data01/higegabi_141015_kochi_kuroda.0004.wav	higegabi		Q3313694						
4687	data01/higegabi_141015_kochi_kuroda.0001.wav	higegabi		Q3313694						
53	data01/himeama_140614_fuji_mju.0000.wav	himeama		Q31713						
300	data01/himeama2_150510_naganuma_mju.0006.wav	himeama		Q31713						
320	data01/himeama_150510_naganuma_mju.0003.wav	himeama		Q31713						
467	data01/himeama_150510_naganuma_mju.0002.wav	himeama		Q31713						
588	data01/himeama_140614_fuji_mju.0004.wav	himeama		Q31713						
876	data01/himeama_150510_naganuma_mju.0000.wav	himeama		Q31713						
1004	data01/himeama_150510_naganuma_mju.0004.wav	himeama		Q31713						
1133	data01/himeama_140614_fuji_mju.0007.wav	himeama		Q31713						
1239	data01/himeama2_150510_naganuma_mju.0004.wav	himeama		Q31713						
1604	data01/himeama2_150510_naganuma_mju.0003.wav	himeama		Q31713						
1786	data01/himeama_140614_fuji_mju.0003.wav	himeama		Q31713						
2391	data01/himeama2_150510_naganuma_mju.0000.wav	himeama		Q31713						
2522	data01/himeama2_150510_naganuma_mju.0001.wav	himeama		Q31713						
2635	data01/himeama_140614_fuji_mju.0006.wav	himeama		Q31713						
2763	data01/himeama_140614_fuji_mju.0002.wav	himeama		Q31713						
3209	data01/himeama_150510_naganuma_mju.0005.wav	himeama		Q31713						
3442	data01/himeama_150510_naganuma_mju.0001.wav	himeama		Q31713						
3670	data01/himeama2_150510_naganuma_mju.0005.wav	himeama		Q31713						
4134	data01/himeama_140614_fuji_mju.0005.wav	himeama		Q31713						
4521	data01/himeama_140614_fuji_mju.0001.wav	himeama		Q31713						
4591	data01/himeama2_150510_naganuma_mju.0002.wav	himeama		Q31713						
280	data01/hiyodorihina_140607_hyogo_kaji.0004.wav	hiyodorihina		Q10770477						
694	data01/hiyodorihina_140607_hyogo_kaji.0009.wav	hiyodorihina		Q10770477						
905	data01/hiyodorihina_140607_hyogo_kaji.0002.wav	hiyodorihina		Q10770477						
906	data01/hiyodorihina_140607_hyogo_kaji.0007.wav	hiyodorihina		Q10770477						
2105	data01/hiyodorihina_140607_hyogo_kaji.0000.wav	hiyodorihina		Q10770477						
3395	data01/hiyodorihina_140607_hyogo_kaji.0010.wav	hiyodorihina		Q10770477						
4087	data01/hiyodorihina_140607_hyogo_kaji.0006.wav	hiyodorihina		Q10770477						
4293	data01/hiyodorihina_140607_hyogo_kaji.0005.wav	hiyodorihina		Q10770477						
4383	data01/hiyodorihina_140607_hyogo_kaji.0003.wav	hiyodorihina		Q10770477						
4433	data01/hiyodorihina_140607_hyogo_kaji.0001.wav	hiyodorihina		Q10770477						
4767	data01/hiyodorihina_140607_hyogo_kaji.0008.wav	hiyodorihina		Q10770477						
756	data01/hojirogamo_110325_tomakomai_namba.0000.wav	hojirogamo		Q29865						
1715	data01/hojirogamo_110325_tomakomai_namba.0001.wav	hojirogamo		Q29865						
2548	data01/hojirogamo_110325_tomakomai_namba.0002.wav	hojirogamo		Q29865						
3172	data01/hojirogamo_110325_tomakomai_namba.0003.wav	hojirogamo		Q29865						
286	data01/honsei_100503_kunitachi_mju.0008.wav	honsei		Q518087						
718	data01/honsei_100503_kunitachi_mju.0000.wav	honsei		Q518087						
975	data01/honsei_100503_kunitachi_mju.0003.wav	honsei		Q518087						
1469	data01/honsei_100503_kunitachi_mju.0004.wav	honsei		Q518087						
2656	data01/honsei_100503_kunitachi_mju.0002.wav	honsei		Q518087						
3165	data01/honsei_100503_kunitachi_mju.0005.wav	honsei		Q518087						
3251	data01/honsei_100503_kunitachi_mju.0007.wav	honsei		Q518087						
3867	data01/honsei_100503_kunitachi_mju.0001.wav	honsei		Q518087						
4006	data01/honsei_100503_kunitachi_mju.0006.wav	honsei		Q518087						
2318	data01/horoku_090409_sanbanse_moriya.0000.wav	horoku		Q76496						
4817	data01/horoku_090409_sanbanse_moriya.0001.wav	horoku		Q76496						
1700	data01/hukurou_100420_watarase.0000.wav	hukurou		Q190083						
2142	data01/fukurou_070605_nasushiobara_hirano.0000.wav	hukurou		Q190083						
2815	data01/fukurou_070605_nasushiobara_hirano.0002.wav	hukurou		Q190083						
3263	data01/fukurou_070605_nasushiobara_hirano.0001.wav	hukurou		Q190083						
3290	data01/hukurou_100420_watarase.0001.wav	hukurou		Q190083						
223	data01/iijimac_160515_miyake_kuroda.0003.wav	iijima		Q1590370						
316	data01/iijima_160516_miyake_kuroda.0002.wav	iijima		Q1590370						
354	data01/iijimac_160515_miyake_kuroda.0009.wav	iijima		Q1590370						
532	data01/iijima_160516_miyake_kuroda.0003.wav	iijima		Q1590370						
738	data01/iijima_160516_miyake_kuroda.0004.wav	iijima		Q1590370						
870	data01/iijima_160516_miyake_kuroda.0007.wav	iijima		Q1590370						
912	data01/iijima_160515_miyake_kuroda.0001.wav	iijima		Q1590370						
957	data01/iijimac_160515_miyake_kuroda.0004.wav	iijima		Q1590370						
1292	data01/iijimac_160515_miyake_kuroda.0007.wav	iijima		Q1590370						
1924	data01/iijimac_160515_miyake_kuroda.0010.wav	iijima		Q1590370						
2188	data01/iijimac_160515_miyake_kuroda.0001.wav	iijima		Q1590370						
3316	data01/iijima_160515_miyake_kuroda.0000.wav	iijima		Q1590370						
3507	data01/iijima_160516_miyake_kuroda.0000.wav	iijima		Q1590370						
4021	data01/iijima_160516_miyake_kuroda.0005.wav	iijima		Q1590370						
4022	data01/iijima_160516_miyake_kuroda.0006.wav	iijima		Q1590370						
4327	data01/iijima_160516_miyake_kuroda.0001.wav	iijima		Q1590370						
4460	data01/iijimac_160515_miyake_kuroda.0000.wav	iijima		Q1590370						
4537	data01/iijimac_160515_miyake_kuroda.0008.wav	iijima		Q1590370						
4629	data01/iijima_160515_miyake_kuroda.0002.wav	iijima		Q1590370						
4681	data01/iijimac_160515_miyake_kuroda.0002.wav	iijima		Q1590370						
4918	data01/iijimac_160515_miyake_kuroda.0005.wav	iijima		Q1590370						
4987	data01/iijimac_160515_miyake_kuroda.0006.wav	iijima		Q1590370						
67	data01/ishigakishiju_120423_ishigaki_moriya.0002.wav	ishigakishiju		Q177798						
1710	data01/ishigakishiju_120423_ishigaki_moriya.0000.wav	ishigakishiju		Q177798						
4012	data01/ishigakishiju_120423_ishigaki_moriya.0001.wav	ishigakishiju		Q177798						
12	data01/jobitakic_160808_hyogo_kuroda.0006.wav	jyoubitaki		Q616456						
13	data01/jobitakic_160808_hyogo_kuroda.0012.wav	jyoubitaki		Q616456						
35	data01/mejiroc_160516_miyake_kuroda.0002.wav	jyoubitaki		Q616456						
36	data01/mejiroc_160516_miyake_kuroda.0003.wav	jyoubitaki		Q616456						
51	data01/jobitaki_071107_watarase_hirano.0007.wav	jyoubitaki		Q616456						
74	data01/jobitakic_160808_hyogo_kuroda.0013.wav	jyoubitaki		Q616456						
78	data01/jyoubitaki_121112_utsunomiya_hirano.0000.wav	jyoubitaki		Q616456						
180	data01/jobitaki_140523_hyogo_kuroda.0000.wav	jyoubitaki		Q616456						
222	data01/jobitakic_160808_hyogo_kuroda.0009.wav	jyoubitaki		Q616456						
323	data01/jobitaki_071107_watarase_hirano.0002.wav	jyoubitaki		Q616456						
422	data01/jobitakic_160808_hyogo_kuroda.0017.wav	jyoubitaki		Q616456						
485	data01/jobitaki_160808_hyogo_kuroda.0004.wav	jyoubitaki		Q616456						
507	data01/jobitaki_150503_shiga.0000.wav	jyoubitaki		Q616456						
572	data01/jobitaki_140523_hyogo_kuroda.0002.wav	jyoubitaki		Q616456						
601	data01/jobitaki_160808_hyogo_kuroda.0005.wav	jyoubitaki		Q616456						
809	data01/jobitaki_160808_hyogo_kuroda.0006.wav	jyoubitaki		Q616456						
894	data01/jobitaki_160808_hyogo_kuroda.0009.wav	jyoubitaki		Q616456						
954	data01/jobitakic_160808_hyogo_kuroda.0001.wav	jyoubitaki		Q616456						
966	data01/jobitaki_150503_shiga.0001.wav	jyoubitaki		Q616456						
1079	data01/jobitaki_071107_watarase_hirano.0005.wav	jyoubitaki		Q616456						
1117	data01/jobitaki_121027_hyogo_kuroda.0004.wav	jyoubitaki		Q616456						
1286	data01/jobitakic_160808_hyogo_kuroda.0018.wav	jyoubitaki		Q616456						
1387	data01/jobitaki_141021_hyogo_kuroda.0002.wav	jyoubitaki		Q616456						
1638	data01/jobitakic_160808_hyogo_kuroda.0007.wav	jyoubitaki		Q616456						
1699	data01/jobitaki_071107_watarase_hirano.0006.wav	jyoubitaki		Q616456						
1914	data01/jobitakic_160808_hyogo_kuroda.0008.wav	jyoubitaki		Q616456						
1922	data01/jobitaki_160808_hyogo_kuroda.0008.wav	jyoubitaki		Q616456						
1947	data01/mejiroc_160516_miyake_kuroda.0001.wav	jyoubitaki		Q616456						
2110	data01/jobitakic_160808_hyogo_kuroda.0016.wav	jyoubitaki		Q616456						
2138	data01/jobitaki_121027_hyogo_kuroda.0000.wav	jyoubitaki		Q616456						
2186	data01/jobitaki_150503_shiga.0002.wav	jyoubitaki		Q616456						
2193	data01/jobitaki_141021_hyogo_kuroda.0000.wav	jyoubitaki		Q616456						
2219	data01/jobitaki_150503_shiga.0003.wav	jyoubitaki		Q616456						
2242	data01/jobitaki_141021_hyogo_kuroda.0001.wav	jyoubitaki		Q616456						
2247	data01/jobitaki_121027_hyogo_kuroda.0002.wav	jyoubitaki		Q616456						
2262	data01/jobitaki_071107_watarase_hirano.0001.wav	jyoubitaki		Q616456						
2304	data01/mejiroc_160516_miyake_kuroda.0004.wav	jyoubitaki		Q616456						
2315	data01/jobitakic_160808_hyogo_kuroda.0005.wav	jyoubitaki		Q616456						
2327	data01/jobitaki_150503_shiga.0004.wav	jyoubitaki		Q616456						
2333	data01/jobitaki_160808_hyogo_kuroda.0013.wav	jyoubitaki		Q616456						
2349	data01/mejiroc_160516_miyake_kuroda.0000.wav	jyoubitaki		Q616456						
2482	data01/jobitaki_160808_hyogo_kuroda.0015.wav	jyoubitaki		Q616456						
2555	data01/jobitaki_141021_hyogo_kuroda.0004.wav	jyoubitaki		Q616456						
2557	data01/jobitakic_160808_hyogo_kuroda.0010.wav	jyoubitaki		Q616456						
2569	data01/jobitaki_121027_hyogo_kuroda.0001.wav	jyoubitaki		Q616456						
2602	data01/jyoubitaki_121112_utsunomiya_hirano.0005.wav	jyoubitaki		Q616456						
2728	data01/jobitaki_160808_hyogo_kuroda.0003.wav	jyoubitaki		Q616456						
2938	data01/jobitaki_160808_hyogo_kuroda.0014.wav	jyoubitaki		Q616456						
3022	data01/jobitakic_160808_hyogo_kuroda.0004.wav	jyoubitaki		Q616456						
3111	data01/mejiroc_160516_miyake_kuroda.0005.wav	jyoubitaki		Q616456						
3174	data01/jyoubitaki_121112_utsunomiya_hirano.0003.wav	jyoubitaki		Q616456						
3380	data01/jobitaki_160808_hyogo_kuroda.0011.wav	jyoubitaki		Q616456						
3463	data01/jobitaki_160808_hyogo_kuroda.0010.wav	jyoubitaki		Q616456						
3475	data01/jobitakic_160808_hyogo_kuroda.0000.wav	jyoubitaki		Q616456						
3533	data01/jobitaki_160808_hyogo_kuroda.0000.wav	jyoubitaki		Q616456						
3603	data01/jobitaki_141021_hyogo_kuroda.0003.wav	jyoubitaki		Q616456						
3800	data01/jobitaki_160808_hyogo_kuroda.0007.wav	jyoubitaki		Q616456						
3829	data01/jobitaki_141021_hyogo_kuroda.0005.wav	jyoubitaki		Q616456						
3852	data01/jobitaki_071107_watarase_hirano.0004.wav	jyoubitaki		Q616456						
3871	data01/jobitaki_140523_hyogo_kuroda.0001.wav	jyoubitaki		Q616456						
3913	data01/jobitaki_071107_watarase_hirano.0003.wav	jyoubitaki		Q616456						
3920	data01/jobitaki_141021_hyogo_kuroda.0006.wav	jyoubitaki		Q616456						
4120	data01/jobitakic_160808_hyogo_kuroda.0015.wav	jyoubitaki		Q616456						
4204	data01/jobitaki_160808_hyogo_kuroda.0002.wav	jyoubitaki		Q616456						
4212	data01/jyoubitaki_121112_utsunomiya_hirano.0002.wav	jyoubitaki		Q616456						
4223	data01/jobitaki_160808_hyogo_kuroda.0012.wav	jyoubitaki		Q616456						
4322	data01/jobitakic_160808_hyogo_kuroda.0011.wav	jyoubitaki		Q616456						
4467	data01/jobitaki_071107_watarase_hirano.0000.wav	jyoubitaki		Q616456						
4526	data01/jyoubitaki_121112_utsunomiya_hirano.0001.wav	jyoubitaki		Q616456						
4544	data01/jyoubitaki_121112_utsunomiya_hirano.0004.wav	jyoubitaki		Q616456						
4640	data01/jobitakic_160808_hyogo_kuroda.0014.wav	jyoubitaki		Q616456						
4680	data01/jobitakic_160808_hyogo_kuroda.0003.wav	jyoubitaki		Q616456						
4686	data01/jobitakic_160808_hyogo_kuroda.0019.wav	jyoubitaki		Q616456						
4688	data01/jobitakic_160808_hyogo_kuroda.0020.wav	jyoubitaki		Q616456						
4732	data01/mejiroc_160516_miyake_kuroda.0006.wav	jyoubitaki		Q616456						
4736	data01/jobitaki_071107_watarase_hirano.0008.wav	jyoubitaki		Q616456						
4775	data01/jobitaki_130820_syobyou_murahama.0000.wav	jyoubitaki		Q616456						
4894	data01/jobitaki_160808_hyogo_kuroda.0001.wav	jyoubitaki		Q616456						
4920	data01/jobitaki_121027_hyogo_kuroda.0003.wav	jyoubitaki		Q616456						
4925	data01/jobitakic_160808_hyogo_kuroda.0002.wav	jyoubitaki		Q616456						
445	data01/kajikagaeru_130618_nashushiobara.0000.wav	kajikagaeru								
521	data01/kajikagaeru_130618_nashushiobara.0003.wav	kajikagaeru								
2516	data01/kajikagaeru_130618_nashushiobara.0004.wav	kajikagaeru								
2896	data01/kajikagaeru_130618_nashushiobara.0002.wav	kajikagaeru								
4763	data01/kajikagaeru_130618_nashushiobara.0001.wav	kajikagaeru								
47	data01/kakko_120629_utsunomiya_hirano.0008.wav	kakko		Q26381						
338	data01/kakko060602_kokubunji_mju.0000.wav	kakko		Q26381						
593	data01/kakko060602_kokubunji_mju.0005.wav	kakko		Q26381						
683	data01/kakko060602_kokubunji_mju.0006.wav	kakko		Q26381						
755	data01/kakko060602_kokubunji_mju.0009.wav	kakko		Q26381						
898	data01/kakko060602_kokubunji_mju.0008.wav	kakko		Q26381						
944	data01/kakko060602_kokubunji_mju.0011.wav	kakko		Q26381						
1076	data01/kakko_120629_utsunomiya_hirano.0003.wav	kakko		Q26381						
1187	data01/kakko060602_kokubunji_mju.0007.wav	kakko		Q26381						
1420	data01/kakko_120629_utsunomiya_hirano.0000.wav	kakko		Q26381						
1421	data01/kakko_120629_utsunomiya_hirano.0001.wav	kakko		Q26381						
1564	data01/kakko060602_kokubunji_mju.0004.wav	kakko		Q26381						
1686	data01/kakou_100610_nikko.0000.wav	kakko		Q26381						
1711	data01/kakko060602_kokubunji_mju.0002.wav	kakko		Q26381						
1953	data01/kakko_120629_utsunomiya_hirano.0007.wav	kakko		Q26381						
2921	data01/kakko_120629_utsunomiya_hirano.0005.wav	kakko		Q26381						
3015	data01/kakko_070716_chikuma_kasahara.0000.wav	kakko		Q26381						
3488	data01/kakko060602_kokubunji_mju.0010.wav	kakko		Q26381						
3546	data01/kakko060602_kokubunji_mju.0003.wav	kakko		Q26381						
3810	data01/kakko060602_kokubunji_mju.0001.wav	kakko		Q26381						
3849	data01/kakko_120629_utsunomiya_hirano.0004.wav	kakko		Q26381						
4129	data01/kakko_120629_utsunomiya_hirano.0006.wav	kakko		Q26381						
4415	data01/kakko_120629_utsunomiya_hirano.0002.wav	kakko		Q26381						
642	data01/kaogurogabi_130429_akikawa_miya.0003.wav	kaogurogabi		Q1589896						
1167	data01/kaogurogabi_130429_akikawa_miya.0002.wav	kaogurogabi		Q1589896						
2986	data01/kaogurogabi_130429_akikawa_miya.0001.wav	kaogurogabi		Q1589896						
2987	data01/kaogurogabi_130429_akikawa_miya.0004.wav	kaogurogabi		Q1589896						
3190	data01/kaogurogabi_130429_akikawa_miya.0000.wav	kaogurogabi		Q1589896						
212	data01/kaojirogabicho_20140410_watarase_hirano.0003.wav	kaojirogabityou		Q1589896						
353	data01/kaojirogabityou_120406_watarase_hirano.0007.wav	kaojirogabityou		Q1589896						
1290	data01/kaojirogabityou_120406_watarase_hirano.0005.wav	kaojirogabityou		Q1589896						
1371	data01/kaojirogabicho_20140410_watarase_hirano.0001.wav	kaojirogabityou		Q1589896						
2060	data01/kaojirogabicho_20140410_watarase_hirano.0005.wav	kaojirogabityou		Q1589896						
2118	data01/kaojirogabityou_120406_watarase_hirano.0004.wav	kaojirogabityou		Q1589896						
2227	data01/kaojirogabicho_20140410_watarase_hirano.0002.wav	kaojirogabityou		Q1589896						
2413	data01/kaojirogabityou_120406_watarase_hirano.0002.wav	kaojirogabityou		Q1589896						
2503	data01/kaojirogabityou_120406_watarase_hirano.0006.wav	kaojirogabityou		Q1589896						
2566	data01/kaojirogabityou_120406_watarase_hirano.0001.wav	kaojirogabityou		Q1589896						
2596	data01/kaojirogabityou_120406_watarase_hirano.0003.wav	kaojirogabityou		Q1589896						
2730	data01/kaojirogabityou_120406_watarase_hirano.0008.wav	kaojirogabityou		Q1589896						
3068	data01/kaojirogabityou_120406_watarase_hirano.0000.wav	kaojirogabityou		Q1589896						
3161	data01/kaojirogabicho_20140410_watarase_hirano.0006.wav	kaojirogabityou		Q1589896						
3799	data01/kaojirogabicho_20140410_watarase_hirano.0004.wav	kaojirogabityou		Q1589896						
3945	data01/kaojirogabicho_20140410_watarase_hirano.0000.wav	kaojirogabityou		Q1589896						
649	data01/karafutomuji_140514_tobishima_mima.0011.wav	karafutomuji		Q809446						
1835	data01/karafutomuji_140514_tobishima_mima.0006.wav	karafutomuji		Q809446						
2351	data01/karafutomuji_140514_tobishima_mima.0009.wav	karafutomuji		Q809446						
2441	data01/karafutomuji_140514_tobishima_mima.0003.wav	karafutomuji		Q809446						
2996	data01/karafutomuji_140514_tobishima_mima.0012.wav	karafutomuji		Q809446						
3272	data01/karafutomuji_140514_tobishima_mima.0004.wav	karafutomuji		Q809446						
3352	data01/karafutomuji_140514_tobishima_mima.0001.wav	karafutomuji		Q809446						
3353	data01/karafutomuji_140514_tobishima_mima.0005.wav	karafutomuji		Q809446						
3431	data01/karafutomuji_140514_tobishima_mima.0008.wav	karafutomuji		Q809446						
4085	data01/karafutomuji_140514_tobishima_mima.0007.wav	karafutomuji		Q809446						
4386	data01/karafutomuji_140514_tobishima_mima.0000.wav	karafutomuji		Q809446						
4501	data01/karafutomuji_140514_tobishima_mima.0002.wav	karafutomuji		Q809446						
4816	data01/karafutomuji_140514_tobishima_mima.0010.wav	karafutomuji		Q809446						
98	data01/kohakucho_151129_kaga_mju.0006.wav	kohakucyou		Q26603						
163	data01/kohakucho_151129_kaga_mju.0002.wav	kohakucyou		Q26603						
234	data01/kohakucho_151129_kaga_mju.0005.wav	kohakucyou		Q26603						
788	data01/kohakucho_151129_kaga_mju.0009.wav	kohakucyou		Q26603						
1298	data01/kohakucho_130407_aomori_kuroda.0003.wav	kohakucyou		Q26603						
1318	data01/kohakucho_151129_kaga_mju.0003.wav	kohakucyou		Q26603						
1538	data01/kohakucho_151129_kaga_mju.0007.wav	kohakucyou		Q26603						
1671	data01/kohakucho_151129_kaga_mju.0001.wav	kohakucyou		Q26603						
2434	data01/kohakucho_151129_kaga_mju.0008.wav	kohakucyou		Q26603						
2738	data01/kohakucho_151129_kaga_mju.0000.wav	kohakucyou		Q26603						
2769	data01/kohakucyou_051107_tottori_kaji.0001.wav	kohakucyou		Q26603						
2783	data01/kohakucho_130407_aomori_kuroda.0000.wav	kohakucyou		Q26603						
2813	data01/kohakucho_151129_kaga_mju.0010.wav	kohakucyou		Q26603						
3255	data01/kohakucho_151129_kaga_mju.0004.wav	kohakucyou		Q26603						
3339	data01/kohakucho_130407_aomori_kuroda.0005.wav	kohakucyou		Q26603						
3456	data01/kohakucyou_051107_tottori_kaji.0000.wav	kohakucyou		Q26603						
3919	data01/kohakucho_130407_aomori_kuroda.0002.wav	kohakucyou		Q26603						
4936	data01/kohakucho_130407_aomori_kuroda.0001.wav	kohakucyou		Q26603						
4980	data01/kohakucho_130407_aomori_kuroda.0004.wav	kohakucyou		Q26603						
92	data01/kojukei2_060512_hino_mju.0003.wav	kojyukei		Q1074291						
244	data01/kojyukei_120704_sano_hirano.0000.wav	kojyukei		Q1074291						
657	data01/kojukei1_060512_hino_mju.0000.wav	kojyukei		Q1074291						
1163	data01/kojukei2_060512_hino_mju.0004.wav	kojyukei		Q1074291						
2149	data01/kojyukei_120704_sano_hirano.0002.wav	kojyukei		Q1074291						
3075	data01/kojukei2_060512_hino_mju.0000.wav	kojyukei		Q1074291						
3223	data01/kojukei2_060512_hino_mju.0006.wav	kojyukei		Q1074291						
3376	data01/kojukei2_060512_hino_mju.0005.wav	kojyukei		Q1074291						
4381	data01/kojukei2_060512_hino_mju.0001.wav	kojyukei		Q1074291						
4678	data01/kojukei2_060512_hino_mju.0002.wav	kojyukei		Q1074291						
4972	data01/kojyukei_120704_sano_hirano.0001.wav	kojyukei		Q1074291						
4978	data01/kojukei1_060512_hino_mju.0001.wav	kojyukei		Q1074291						
378	data01/kojyurin_100202_utsunomiya_hirano.0005.wav	kojyurin		Q1589261						
584	data01/kojurin_040614_tonegawa_kuroda.0002.wav	kojyurin		Q1589261						
746	data01/kojurin_040614_tonegawa_kuroda.0008.wav	kojyurin		Q1589261						
982	data01/kojyurin_100202_utsunomiya_hirano.0007.wav	kojyurin		Q1589261						
1235	data01/kojyurin_100202_utsunomiya_hirano.0000.wav	kojyurin		Q1589261						
1761	data01/kojyurin_100202_utsunomiya_hirano.0003.wav	kojyurin		Q1589261						
2023	data01/kojurin_040614_tonegawa_kuroda.0005.wav	kojyurin		Q1589261						
2362	data01/kojurin_040614_tonegawa_kuroda.0007.wav	kojyurin		Q1589261						
2404	data01/kojurin_040614_tonegawa_kuroda.0006.wav	kojyurin		Q1589261						
2518	data01/kojyurin_100202_utsunomiya_hirano.0008.wav	kojyurin		Q1589261						
2570	data01/kojyurin_100202_utsunomiya_hirano.0002.wav	kojyurin		Q1589261						
2622	data01/kojyurin_100202_utsunomiya_hirano.0001.wav	kojyurin		Q1589261						
2680	data01/kojurin_040614_tonegawa_kuroda.0000.wav	kojyurin		Q1589261						
3210	data01/kojurin_040614_tonegawa_kuroda.0004.wav	kojyurin		Q1589261						
3786	data01/kojurin_040614_tonegawa_kuroda.0001.wav	kojyurin		Q1589261						
3969	data01/kojurin_040614_tonegawa_kuroda.0003.wav	kojyurin		Q1589261						
4221	data01/kojyurin_100202_utsunomiya_hirano.0006.wav	kojyurin		Q1589261						
4790	data01/kojyurin_100202_utsunomiya_hirano.0004.wav	kojyurin		Q1589261						
4912	data01/kojyurin_100202_utsunomiya_hirano.0009.wav	kojyurin		Q1589261						
618	data01/kokumaru_130410_aomori_kuroda.0004.wav	kokumaru		Q201461						
1036	data01/kokumaru_130410_aomori_kuroda.0003.wav	kokumaru		Q201462						
1637	data01/kokumaru_130410_aomori_kuroda.0001.wav	kokumaru		Q201463						
2048	data01/kokumaru_130410_aomori_kuroda.0002.wav	kokumaru		Q201464						
2172	data01/kokumaru_130410_aomori_kuroda.0006.wav	kokumaru		Q201465						
3755	data01/kokumaru_130410_aomori_kuroda.0005.wav	kokumaru		Q201466						
3759	data01/kokumaru_130410_aomori_kuroda.0000.wav	kokumaru		Q201467						
85	data01/konotori_140602_toyooka_kuroda.0001.wav	konotori		Q998495						
151	data01/konotori_140602_toyooka_kuroda.0004.wav	konotori		Q998495						
967	data01/konotori_140602_toyooka_kuroda.0000.wav	konotori		Q998495						
1152	data01/konotori_150629_toyooka_kuroda.0003.wav	konotori		Q998495						
1811	data01/konotori_140602_toyooka_kuroda.0002.wav	konotori		Q998495						
2228	data01/konotori_150629_toyooka_kuroda.0000.wav	konotori		Q998495						
3308	data01/konotori_140602_toyooka_kuroda.0003.wav	konotori		Q998495						
3309	data01/konotori_150629_toyooka_kuroda.0002.wav	konotori		Q998495						
4781	data01/konotori_150629_toyooka_kuroda.0001.wav	konotori		Q998495						
488	data01/kyojoshigi_110419_hahajima_mju.0015.wav	kyojoshigi		Q26892						
672	data01/kyojoshigi_110419_hahajima_mju.0008.wav	kyojoshigi		Q26892						
680	data01/kyojoshigi_110419_hahajima_mju.0005.wav	kyojoshigi		Q26892						
1197	data01/kyojoshigi_110419_hahajima_mju.0010.wav	kyojoshigi		Q26892						
1283	data01/kyojoshigi_110419_hahajima_mju.0013.wav	kyojoshigi		Q26892						
1449	data01/kyojoshigi_110419_hahajima_mju.0014.wav	kyojoshigi		Q26892						
1872	data01/kyojoshigi_110419_hahajima_mju.0016.wav	kyojoshigi		Q26892						
2288	data01/kyojoshigi_110419_hahajima_mju.0011.wav	kyojoshigi		Q26892						
2779	data01/kyojoshigi_110419_hahajima_mju.0012.wav	kyojoshigi		Q26892						
3557	data01/kyojoshigi_110419_hahajima_mju.0002.wav	kyojoshigi		Q26892						
3862	data01/kyojoshigi_110419_hahajima_mju.0007.wav	kyojoshigi		Q26892						
3984	data01/kyojoshigi_110419_hahajima_mju.0003.wav	kyojoshigi		Q26892						
4102	data01/kyojoshigi_110419_hahajima_mju.0004.wav	kyojoshigi		Q26892						
4424	data01/kyojoshigi_110419_hahajima_mju.0017.wav	kyojoshigi		Q26892						
4446	data01/kyojoshigi_110419_hahajima_mju.0009.wav	kyojoshigi		Q26892						
4574	data01/kyojoshigi_110419_hahajima_mju.0006.wav	kyojoshigi		Q26892						
4646	data01/kyojoshigi_110419_hahajima_mju.0001.wav	kyojoshigi		Q26892						
4955	data01/kyojoshigi_110419_hahajima_mju.0000.wav	kyojoshigi		Q26892						
1425	data01/mamitahi_121109_kitakyu_moriya.0000.wav	mamitahi								
154	data01/mosukemiso_160701_miyake_kuroda.0003.wav	mosukemisosazai		Q25740						
578	data01/mosuke_160516_miyake_kuroda.0000.wav	mosukemisosazai		Q25740						
1223	data01/mosukemiso_160701_miyake_kuroda.0002.wav	mosukemisosazai		Q25740						
1547	data01/mosuke_160516_miyake_kuroda.0001.wav	mosukemisosazai		Q25740						
2128	data01/mosukemiso_160701_miyake_kuroda.0000.wav	mosukemisosazai		Q25740						
3762	data01/mosukemiso_160701_miyake_kuroda.0001.wav	mosukemisosazai		Q25740						
4074	data01/mosukemiso_160701_miyake_kuroda.0004.wav	mosukemisosazai		Q25740						
141	data01/ohakucho_100227_otawara_hirano.0006.wav	ohakucho		Q25612						
698	data01/ohakucho_100227_otawara_hirano.0003.wav	ohakucho		Q25612						
699	data01/ohakucho_100227_otawara_hirano.0007.wav	ohakucho		Q25612						
1921	data01/ohakucho_100227_otawara_hirano.0008.wav	ohakucho		Q25612						
2563	data01/ohakucho_100227_otawara_hirano.0000.wav	ohakucho		Q25612						
4283	data01/ohakucho_100227_otawara_hirano.0001.wav	ohakucho		Q25612						
4785	data01/ohakucho_100227_otawara_hirano.0004.wav	ohakucho		Q25612						
4867	data01/ohakucho_100227_otawara_hirano.0005.wav	ohakucho		Q25612						
4942	data01/ohakucho_100227_otawara_hirano.0002.wav	ohakucho		Q25612						
93	data01/ojurin_091116_watarase_hirano.0002.wav	ojurin		Q26961						
567	data01/ojurin_091116_watarase_hirano.0000.wav	ojurin		Q26961						
915	data01/ojurin_080701_doto_kuroda.0008.wav	ojurin		Q26961						
1315	data01/ojurin_091116_watarase_hirano.0004.wav	ojurin		Q26961						
1660	data01/ojurin_080701_doto_kuroda.0004.wav	ojurin		Q26961						
1746	data01/ojurin_080701_doto_kuroda.0007.wav	ojurin		Q26961						
2070	data01/ojurin_091116_watarase_hirano.0005.wav	ojurin		Q26961						
2387	data01/ojurin_080701_doto_kuroda.0003.wav	ojurin		Q26961						
2689	data01/ojurin_080701_doto_kuroda.0000.wav	ojurin		Q26961						
2720	data01/ojurin_080701_doto_kuroda.0002.wav	ojurin		Q26961						
2892	data01/ojurin_091116_watarase_hirano.0003.wav	ojurin		Q26961						
2973	data01/ojurin_080701_doto_kuroda.0006.wav	ojurin		Q26961						
3069	data01/ojurin_091116_watarase_hirano.0001.wav	ojurin		Q26961						
4683	data01/ojurin_080701_doto_kuroda.0005.wav	ojurin		Q26961						
4706	data01/ojurin_080701_doto_kuroda.0001.wav	ojurin		Q26961						
28	data01/okonoha_130505_nikko_abe.0004.wav	okonoha		Q1267153						
97	data01/okonoha_130505_nikko_abe.0005.wav	okonoha		Q1267153						
197	data01/okonoha_110518_nikko_abe.0001.wav	okonoha		Q1267153						
292	data01/okonoha_130505_nikko_abe.0000.wav	okonoha		Q1267153						
389	data01/okonoha_110518_nikko_abe.0002.wav	okonoha		Q1267153						
692	data01/okonoha_140413_nikko_abe.0002.wav	okonoha		Q1267153						
978	data01/okonoha_130505_nikko_abe.0001.wav	okonoha		Q1267153						
1150	data01/okonoha_140413_nikko_abe.0001.wav	okonoha		Q1267153						
1579	data01/okonoha_090521_iwase_abe.0001.wav	okonoha		Q1267153						
2171	data01/okonoha_140413_nikko_abe.0000.wav	okonoha		Q1267153						
2360	data01/okonoha_110518_nikko_abe.0003.wav	okonoha		Q1267153						
2403	data01/okonoha_110518_nikko_abe.0000.wav	okonoha		Q1267153						
2470	data01/okonoha_110509_nikko_abe.0000.wav	okonoha		Q1267153						
3598	data01/okonoha_090521_iwase_abe.0000.wav	okonoha		Q1267153						
3671	data01/okonoha_130505_nikko_abe.0007.wav	okonoha		Q1267153						
4034	data01/okonoha_090521_iwase_abe.0002.wav	okonoha		Q1267153						
4174	data01/okonoha_130505_nikko_abe.0003.wav	okonoha		Q1267153						
4201	data01/okonoha_130505_nikko_abe.0006.wav	okonoha		Q1267153						
4932	data01/okonoha_130505_nikko_abe.0002.wav	okonoha		Q1267153						
77	data01/omashiko_121203_tottori_kuroda.0001.wav	omashiko		Q592362						
1297	data01/omashiko_121203_tottori_kuroda.0000.wav	omashiko		Q592362						
2047	data01/omashiko_121203_tottori_kuroda.0005.wav	omashiko		Q592362						
2369	data01/omashiko_121203_tottori_kuroda.0003.wav	omashiko		Q592362						
3400	data01/omashiko_121203_tottori_kuroda.0002.wav	omashiko		Q592362						
4068	data01/omashiko_121203_tottori_kuroda.0004.wav	omashiko		Q592362						
42	data01/omizunagi_120801_fukuoka_mju.0007.wav	omizunagi		Q181320						
384	data01/omizunagi_120801_fukuoka_mju.0005.wav	omizunagi		Q181320						
581	data01/omizunagi_120801_fukuoka_mju.0003.wav	omizunagi		Q181320						
1692	data01/omizunagi_120801_fukuoka_mju.0000.wav	omizunagi		Q181320						
2205	data01/omizunagi_120801_fukuoka_mju.0006.wav	omizunagi		Q181320						
3508	data01/omizunagi_120801_fukuoka_mju.0004.wav	omizunagi		Q181320						
4285	data01/omizunagi_120801_fukuoka_mju.0002.wav	omizunagi		Q181320						
4660	data01/omizunagi_120801_fukuoka_mju.0001.wav	omizunagi		Q181320						
1244	data01/onikakko_150527_amami_miyayama.0001.wav	onikakko		Q798401						
2201	data01/onikakko_150527_amami_miyayama.0002.wav	onikakko		Q798401						
4938	data01/onikakko_150527_amami_miyayama.0000.wav	onikakko		Q798401						
34	data01/ostoaka2_140307_amami_ishida.0000.wav	oosutonooakagera		Q207290						
768	data01/ostoaka_140307_amami_ishida.0001.wav	oosutonooakagera		Q207290						
904	data01/ostoaka_140307_amami_ishida.0003.wav	oosutonooakagera		Q207290						
1726	data01/ostoaka_140307_amami_ishida.0004.wav	oosutonooakagera		Q207290						
2705	data01/ostoaka_140307_amami_ishida.0000.wav	oosutonooakagera		Q207290						
3289	data01/ostoaka_140307d_amami_ishida.0001.wav	oosutonooakagera		Q207290						
3647	data01/ostoaka_140307d_amami_ishida.0000.wav	oosutonooakagera		Q207290						
4274	data01/ostoaka_140307_amami_ishida.0002.wav	oosutonooakagera		Q207290						
4515	data01/ostooaka090518_amami_isida.0000.wav	oosutonooakagera		Q207290						
119	data01/oseguro_20110201_tomamae_mju.0001.wav	oseguro		Q1272080						
1282	data01/oseguro_20110201_tomamae_mju.0000.wav	oseguro		Q1272080						
1788	data01/oseguro_20110201_tomamae_mju.0007.wav	oseguro		Q1272080						
2054	data01/oseguro_20110201_tomamae_mju.0005.wav	oseguro		Q1272080						
2113	data01/oseguro_20110201_tomamae_mju.0006.wav	oseguro		Q1272080						
2485	data01/oseguro_20110201_tomamae_mju.0004.wav	oseguro		Q1272080						
2690	data01/oseguro_20110201_tomamae_mju.0002.wav	oseguro		Q1272080						
2875	data01/oseguro_20110201_tomamae_mju.0003.wav	oseguro		Q1272080						
3494	data01/oseguro_20110201_tomamae_mju.0008.wav	oseguro		Q1272080						
1042	data01/otoratugumi_100325_amami-anengachi_ik.0004.wav	otoratugumi		Q3066642						
1301	data01/otoratugumi_100325_amami-anengachi_ik.0000.wav	otoratugumi		Q3066642						
1587	data01/otoratugumi_100325_amami-anengachi_ik.0003.wav	otoratugumi		Q3066642						
2239	data01/otoratugumi_100325_amami-anengachi_ik.0005.wav	otoratugumi		Q3066642						
2614	data01/otoratugumi_100325_amami-anengachi_ik.0001.wav	otoratugumi		Q3066642						
3496	data01/otoratugumi_100325_amami-anengachi_ik.0002.wav	otoratugumi		Q3066642						
924	data01/raicho_100526_norikura_hotta.0000.wav	raicho		Q205930						
1672	data01/raicho_100526_norikura_hotta.0001.wav	raicho		Q205930						
426	data01/ryuukyuuakashoubin_050409_okinawa_kaji.0010.wav	ryuukyuuakashoubin		Q106974653						
576	data01/akasho_9806_takara_anezaki.0001.wav	ryuukyuuakashoubin		Q106974654						
705	data01/rakashobin_120419_yambaru_moriya.0000.wav	ryuukyuuakashoubin		Q106974655						
1151	data01/ryuukyuuakashoubin_050409_okinawa_kaji.0009.wav	ryuukyuuakashoubin		Q106974656						
1293	data01/ryuukyuuakashoubin_050409_okinawa_kaji.0003.wav	ryuukyuuakashoubin		Q106974657						
1294	data01/ryuukyuuakashoubin_050409_okinawa_kaji.0008.wav	ryuukyuuakashoubin		Q106974658						
1458	data01/ryuukyuuakashoubin_050409_okinawa_kaji.0002.wav	ryuukyuuakashoubin		Q106974659						
1588	data01/rakashobin_120419_yambaru_moriya.0003.wav	ryuukyuuakashoubin		Q106974660						
1721	data01/ryuukyuuakashoubin_050409_okinawa_kaji.0007.wav	ryuukyuuakashoubin		Q106974661						
1895	data01/akasho_9806_takara_anezaki.0000.wav	ryuukyuuakashoubin		Q106974662						
2120	data01/ryuukyuuakashoubin_050409_okinawa_kaji.0005.wav	ryuukyuuakashoubin		Q106974663						
2410	data01/rakashobin_120419_yambaru_moriya.0004.wav	ryuukyuuakashoubin		Q106974664						
2478	data01/ryuukyuuakashoubin_050409_okinawa_kaji.0013.wav	ryuukyuuakashoubin		Q106974665						
3404	data01/ryuukyuuakashoubin_050409_okinawa_kaji.0001.wav	ryuukyuuakashoubin		Q106974666						
3481	data01/rakashobin_120419_yambaru_moriya.0002.wav	ryuukyuuakashoubin		Q106974667						
3574	data01/akasho_9806_takara_anezaki.0002.wav	ryuukyuuakashoubin		Q106974668						
3761	data01/ryuukyuuakashoubin_050409_okinawa_kaji.0012.wav	ryuukyuuakashoubin		Q106974669						
3990	data01/ryuukyuuakashoubin_050409_okinawa_kaji.0006.wav	ryuukyuuakashoubin		Q106974670						
4152	data01/ryuukyuuakashoubin_050409_okinawa_kaji.0011.wav	ryuukyuuakashoubin		Q106974671						
4429	data01/ryuukyuuakashoubin_050409_okinawa_kaji.0004.wav	ryuukyuuakashoubin		Q106974672						
4547	data01/ryuukyuuakashoubin_050409_okinawa_kaji.0000.wav	ryuukyuuakashoubin		Q106974673						
4603	data01/rakashobin_120419_yambaru_moriya.0001.wav	ryuukyuuakashoubin		Q106974674						
276	data01/ryuukyuukibitaki_060312_okinawa_kaji.0002.wav	ryuukyuukibitaki		Q1367236						
277	data01/ryuukyuukibitaki_060312_okinawa_kaji.0006.wav	ryuukyuukibitaki		Q1367236						
500	data01/rkibitaki_120423_ishigaki_moriya.0008.wav	ryuukyuukibitaki		Q1367236						
619	data01/rkibitaki_120423_ishigaki_moriya.0005.wav	ryuukyuukibitaki		Q1367236						
1035	data01/ryuukyuukibitaki_060312_okinawa_kaji.0005.wav	ryuukyuukibitaki		Q1367236						
1586	data01/rkibitaki_120423_ishigaki_moriya.0009.wav	ryuukyuukibitaki		Q1367236						
1910	data01/rkibitaki_120423_ishigaki_moriya.0006.wav	ryuukyuukibitaki		Q1367236						
2386	data01/rkibitaki_120423_ishigaki_moriya.0000.wav	ryuukyuukibitaki		Q1367236						
2409	data01/rkibitaki_120423_ishigaki_moriya.0010.wav	ryuukyuukibitaki		Q1367236						
2608	data01/ryuukyuukibitaki_060312_okinawa_kaji.0000.wav	ryuukyuukibitaki		Q1367236						
2810	data01/rkibitaki_120423_ishigaki_moriya.0007.wav	ryuukyuukibitaki		Q1367236						
3086	data01/ryuukyuukibitaki_060312_okinawa_kaji.0007.wav	ryuukyuukibitaki		Q1367236						
3144	data01/ryuukyuukibitaki_060312_okinawa_kaji.0003.wav	ryuukyuukibitaki		Q1367236						
3322	data01/ryuukyuukibitaki_060312_okinawa_kaji.0004.wav	ryuukyuukibitaki		Q1367236						
4069	data01/rkibitaki_120423_ishigaki_moriya.0002.wav	ryuukyuukibitaki		Q1367236						
4072	data01/rkibitaki_120423_ishigaki_moriya.0004.wav	ryuukyuukibitaki		Q1367236						
4394	data01/rkibitaki_120423_ishigaki_moriya.0001.wav	ryuukyuukibitaki		Q1367236						
4479	data01/ryuukyuukibitaki_060312_okinawa_kaji.0001.wav	ryuukyuukibitaki		Q1367236						
4777	data01/rkibitaki_120423_ishigaki_moriya.0003.wav	ryuukyuukibitaki		Q1367236						
991	data01/sadokakesu_100223_sado_mju.0003.wav	sadokakesu		Q25354						
2202	data01/sadokakesu_100223_sado_mju.0002.wav	sadokakesu		Q25354						
2748	data01/sadokakesu_100223_sado_mju.0001.wav	sadokakesu		Q25354						
3047	data01/sadokakesu_100223_sado_mju.0004.wav	sadokakesu		Q25354						
3197	data01/sadokakesu_100223_sado_mju.0000.wav	sadokakesu		Q25354						
1945	data01/sanko_9806_takara_anezaki.0000.wav	sanko		Q1074163						
2817	data01/sanko_9806_takara_anezaki.0001.wav	sanko		Q1074163						
449	data01/saruhama_160910_himeji_kuroda.0002.wav	saruhama		Q62345						
857	data01/saruhama_160910_himeji_kuroda.0003.wav	saruhama		Q62345						
1062	data01/saruhama_160910_himeji_kuroda.0000.wav	saruhama		Q62345						
1063	data01/saruhama_160910_himeji_kuroda.0004.wav	saruhama		Q62345						
2000	data01/saruhama_160910_himeji_kuroda.0001.wav	saruhama		Q62345						
706	data01/segurokakko_150523_tsushima_mju.0004.wav	segurokakko		Q877666						
758	data01/segurokakko_130530_shimane_wada.0002.wav	segurokakko		Q877666						
1719	data01/segurokakko_130530_shimane_wada.0001.wav	segurokakko		Q877666						
1812	data01/segurokakko_150523_tsushima_mju.0003.wav	segurokakko		Q877666						
2418	data01/segurokakko_130530_shimane_wada.0000.wav	segurokakko		Q877666						
2881	data01/segurokakko_150523_tsushima_mju.0000.wav	segurokakko		Q877666						
3070	data01/segurokakko_150523_tsushima_mju.0002.wav	segurokakko		Q877666						
3817	data01/segurokakko_150523_tsushima_mju.0005.wav	segurokakko		Q877666						
4405	data01/segurokakko_150523_tsushima_mju.0001.wav	segurokakko		Q877666						
103	data01/shimaenaga_110228_tomamae_mju.0008.wav	shimaenaga		Q170831						
1123	data01/shimaenaga_110228_tomamae_mju.0000.wav	shimaenaga		Q170831						
1324	data01/shimaenaga_110228_tomamae_mju.0018.wav	shimaenaga		Q170831						
1400	data01/shimaenaga_110228_tomamae_mju.0014.wav	shimaenaga		Q170831						
1481	data01/shimaenaga_110228_tomamae_mju.0009.wav	shimaenaga		Q170831						
1765	data01/shimaenaga_110228_tomamae_mju.0016.wav	shimaenaga		Q170831						
2006	data01/shimaenaga_110228_tomamae_mju.0002.wav	shimaenaga		Q170831						
2007	data01/shimaenaga_110228_tomamae_mju.0005.wav	shimaenaga		Q170831						
2199	data01/shimaenaga_110228_tomamae_mju.0006.wav	shimaenaga		Q170831						
2346	data01/shimaenaga_110228_tomamae_mju.0003.wav	shimaenaga		Q170831						
2392	data01/shimaenaga_110228_tomamae_mju.0012.wav	shimaenaga		Q170831						
2393	data01/shimaenaga_110228_tomamae_mju.0015.wav	shimaenaga		Q170831						
2439	data01/shimaenaga_110228_tomamae_mju.0017.wav	shimaenaga		Q170831						
2902	data01/shimaenaga_110228_tomamae_mju.0004.wav	shimaenaga		Q170831						
3106	data01/shimaenaga_110228_tomamae_mju.0007.wav	shimaenaga		Q170831						
3107	data01/shimaenaga_110228_tomamae_mju.0010.wav	shimaenaga		Q170831						
3944	data01/shimaenaga_110228_tomamae_mju.0001.wav	shimaenaga		Q170831						
4361	data01/shimaenaga_110228_tomamae_mju.0011.wav	shimaenaga		Q170831						
4586	data01/shimaenaga_110228_tomamae_mju.0019.wav	shimaenaga		Q170831						
4926	data01/shimaenaga_110228_tomamae_mju.0013.wav	shimaenaga		Q170831						
314	data01/shimafukuro_160216_nemuro_mju.0000.wav	shimafukuro		Q1137288						
315	data01/shimafukuro_160216_nemuro_mju.0001.wav	shimafukuro		Q1137288						
1556	data01/shiroeriohamu_110515_tomakomai_namba.0000.wav	shiroeriohamu		Q558990						
812	data01/sorihashi_130825_hyogo_kuroda.0003.wav	sorihashi		Q18856						
2427	data01/sorihashi_130825_hyogo_kuroda.0001.wav	sorihashi		Q18856						
3743	data01/sorihashi_130825_hyogo_kuroda.0000.wav	sorihashi		Q18856						
4108	data01/sorihashi_130825_hyogo_kuroda.0002.wav	sorihashi		Q18856						
4235	data01/sorihashi_130825_hyogo_kuroda.0004.wav	sorihashi		Q18856						
362	data01/soushicho_0906_hyogo_kaji.0002.wav	soushicho		Q589245						
400	data01/soshicho_c_070331_kokubunji_mju.0000.wav	soushicho		Q589245						
482	data01/soshicho_c_070331_kokubunji_mju.0005.wav	soushicho		Q589245						
591	data01/soshicho_c_070331_kokubunji_mju.0001.wav	soushicho		Q589245						
1240	data01/soushicho_0811_hyogo_kaji.0005.wav	soushicho		Q589245						
1403	data01/soushicho_0811_hyogo_kaji.0007.wav	soushicho		Q589245						
1486	data01/soushicho_0811_hyogo_kaji.0002.wav	soushicho		Q589245						
1606	data01/soushicho_0811_hyogo_kaji.0000.wav	soushicho		Q589245						
1831	data01/soushicho_0811_hyogo_kaji.0001.wav	soushicho		Q589245						
2252	data01/soushicho_0811_hyogo_kaji.0003.wav	soushicho		Q589245						
2348	data01/soushicho_0811_hyogo_kaji.0008.wav	soushicho		Q589245						
2636	data01/soshicho_c_070331_kokubunji_mju.0003.wav	soushicho		Q589245						
3571	data01/soushicho_0811_hyogo_kaji.0004.wav	soushicho		Q589245						
3674	data01/soushicho_0906_hyogo_kaji.0000.wav	soushicho		Q589245						
4407	data01/soushicho_0811_hyogo_kaji.0006.wav	soushicho		Q589245						
4464	data01/soushicho_0906_hyogo_kaji.0001.wav	soushicho		Q589245						
4471	data01/soshicho_c_070331_kokubunji_mju.0006.wav	soushicho		Q589245						
4617	data01/soshicho_c_070331_kokubunji_mju.0002.wav	soushicho		Q589245						
4618	data01/soshicho_c_070331_kokubunji_mju.0004.wav	soushicho		Q589245						
4668	data01/soushicho_0811_hyogo_kaji.0009.wav	soushicho		Q589245						
4771	data01/soushicho_0906_hyogo_kaji.0003.wav	soushicho		Q589245						
125	data01/takabu_140902_tatsuno_kuroda.0001.wav	takabu		Q18837						
318	data01/takabu_130428_saga_moriya.0003.wav	takabu		Q18837						
411	data01/takabu_140902_tatsuno_kuroda.0000.wav	takabu		Q18837						
679	data01/takabu_140902_tatsuno_kuroda.0005.wav	takabu		Q18837						
1127	data01/takabu_130428_saga_moriya.0004.wav	takabu		Q18837						
1225	data01/takabu2_140902_tatsuno_kuroda.0003.wav	takabu		Q18837						
1280	data01/takabu_140902_tatsuno_kuroda.0003.wav	takabu		Q18837						
1351	data01/takabu_140902_tatsuno_kuroda.0004.wav	takabu		Q18837						
1388	data01/takabu2_140902_tatsuno_kuroda.0000.wav	takabu		Q18837						
1439	data01/takabu_140902_tatsuno_kuroda.0002.wav	takabu		Q18837						
2243	data01/takabu2_140902_tatsuno_kuroda.0002.wav	takabu		Q18837						
2261	data01/takabu_130428_saga_moriya.0006.wav	takabu		Q18837						
2631	data01/takabu_130428_saga_moriya.0011.wav	takabu		Q18837						
3052	data01/takabu_130428_saga_moriya.0009.wav	takabu		Q18837						
3204	data01/takabu_130428_saga_moriya.0001.wav	takabu		Q18837						
3281	data01/takabu_130428_saga_moriya.0007.wav	takabu		Q18837						
3554	data01/takabu2_140902_tatsuno_kuroda.0001.wav	takabu		Q18837						
3641	data01/takabu_130428_saga_moriya.0008.wav	takabu		Q18837						
4079	data01/takabu_130428_saga_moriya.0010.wav	takabu		Q18837						
4240	data01/takabu_130428_saga_moriya.0005.wav	takabu		Q18837						
4363	data01/takabu_130428_saga_moriya.0000.wav	takabu		Q18837						
4385	data01/takabu_130428_saga_moriya.0002.wav	takabu		Q18837						
4426	data01/takabu_140902_tatsuno_kuroda.0006.wav	takabu		Q18837						
4956	data01/takabu_130428_saga_moriya.0012.wav	takabu		Q18837						
2096	data01/tancho_080701_doto_kuroda.0001.wav	tancho		Q232906						
2097	data01/tancho_080701_doto_kuroda.0002.wav	tancho		Q232906						
2840	data01/tancho_080701_doto_kuroda.0000.wav	tancho		Q232906						
4856	data01/tancho2_080701_doto_kuroda.0000.wav	tancho		Q232906						
243	data01/tanekoma_160516_miyake_kuroda.0000.wav	tanekoma		Q27631965						
580	data01/tanekoma_160516_miyake_kuroda.0003.wav	tanekoma		Q27631965						
1549	data01/tanekoma_160516_miyake_kuroda.0001.wav	tanekoma		Q27631965						
3843	data01/tanekoma_160516_miyake_kuroda.0002.wav	tanekoma		Q27631965						
4023	data01/tanekoma_160516_miyake_kuroda.0005.wav	tanekoma		Q27631965						
4727	data01/tanekoma_160516_miyake_kuroda.0004.wav	tanekoma		Q27631965						
543	data01/tonen_130830hyogo_kuroda.0000.wav	tonen		Q18860						
2130	data01/tonen_120921_hyogo_kuroda.0000.wav	tonen		Q18860						
2168	data01/tonen_130830hyogo_kuroda.0001.wav	tonen		Q18860						
2382	data01/tonen_130830hyogo_kuroda.0003.wav	tonen		Q18860						
3497	data01/tonen_130830hyogo_kuroda.0002.wav	tonen		Q18860						
1043	data01/torafu_080602_tochigi_hirano.0003.wav	torafu		Q25384						
1214	data01/torafu_080602_tochigi_hirano.0004.wav	torafu		Q25384						
1302	data01/torafu_080602_tochigi_hirano.0009.wav	torafu		Q25384						
1930	data01/torafu_080602_tochigi_hirano.0006.wav	torafu		Q25384						
1977	data01/torafu_080602_tochigi_hirano.0005.wav	torafu		Q25384						
2059	data01/torafu_080602_tochigi_hirano.0001.wav	torafu		Q25384						
2331	data01/torafu_080602_tochigi_hirano.0008.wav	torafu		Q25384						
2945	data01/torafu_080602_tochigi_hirano.0007.wav	torafu		Q25384						
4145	data01/torafu_080602_tochigi_hirano.0002.wav	torafu		Q25384						
4181	data01/torafu_080602_tochigi_hirano.0000.wav	torafu		Q25384						
32	data01/tsubamechi_121009_hyogo_kuroda.0002.wav	tsubamechi		Q116708						
4089	data01/tsubamechi_121009_hyogo_kuroda.0001.wav	tsubamechi		Q116708						
4203	data01/tsubamechi_121009_hyogo_kuroda.0000.wav	tsubamechi		Q116708						
3745	data01/tsumenagahojiro_111217_mukawa_namba.0000.wav	tsumenagahojiro		Q208703						
979	data01/uchiyama_090627_kashima_kuroda.0005.wav	uchiyama		Q62168788						
993	data01/uchiyama_c1_090627_kashima_kuroda.0001.wav	uchiyama		Q62168788						
1314	data01/uchiyama_090612_koshima_kuroda.0006.wav	uchiyama		Q62168788						
1472	data01/uchiyama_090612_koshima_kuroda.0005.wav	uchiyama		Q62168788						
1609	data01/uchiyama_150703_fukuoka_kuroda.0004.wav	uchiyama		Q62168788						
1663	data01/uchiyama_090612_koshima_kuroda.0001.wav	uchiyama		Q62168788						
1819	data01/uchiyama_090612_koshima_kuroda.0007.wav	uchiyama		Q62168788						
1836	data01/uchiyama_c1_090627_kashima_kuroda.0000.wav	uchiyama		Q62168788						
1940	data01/uchiyama_090612_koshima_kuroda.0000.wav	uchiyama		Q62168788						
2012	data01/uchiyama_150703_fukuoka_kuroda.0002.wav	uchiyama		Q62168788						
2145	data01/uchiyama_150703_fukuoka_kuroda.0003.wav	uchiyama		Q62168788						
2147	data01/uchiyama_c1_090627_kashima_kuroda.0002.wav	uchiyama		Q62168788						
2509	data01/uchiyama_090612_koshima_kuroda.0003.wav	uchiyama		Q62168788						
2665	data01/uchiyama_090627_kashima_kuroda.0002.wav	uchiyama		Q62168788						
2879	data01/uchiyama_090612_koshima_kuroda.0008.wav	uchiyama		Q62168788						
2897	data01/uchiyama_090627_kashima_kuroda.0000.wav	uchiyama		Q62168788						
2995	data01/uchiyama_150703_fukuoka_kuroda.0005.wav	uchiyama		Q62168788						
3325	data01/uchiyama_c2_090627_kashima_kuroda.0000.wav	uchiyama		Q62168788						
3379	data01/uchiyama_090612_koshima_kuroda.0004.wav	uchiyama		Q62168788						
3630	data01/uchiyama_090627_kashima_kuroda.0003.wav	uchiyama		Q62168788						
3666	data01/uchiyama_c2_090627_kashima_kuroda.0001.wav	uchiyama		Q62168788						
3771	data01/uchiyama_150703_fukuoka_kuroda.0001.wav	uchiyama		Q62168788						
3937	data01/uchiyama_090627_kashima_kuroda.0006.wav	uchiyama		Q62168788						
4114	data01/uchiyama_c1_090627_kashima_kuroda.0003.wav	uchiyama		Q62168788						
4179	data01/uchiyama_090612_koshima_kuroda.0010.wav	uchiyama		Q62168788						
4256	data01/uchiyama_150703_fukuoka_kuroda.0006.wav	uchiyama		Q62168788						
4292	data01/uchiyama_090612_koshima_kuroda.0009.wav	uchiyama		Q62168788						
4425	data01/uchiyama_090627_kashima_kuroda.0004.wav	uchiyama		Q62168788						
4430	data01/uchiyama_090612_koshima_kuroda.0002.wav	uchiyama		Q62168788						
4455	data01/uchiyama_150703_fukuoka_kuroda.0000.wav	uchiyama		Q62168788						
4984	data01/uchiyama_090627_kashima_kuroda.0001.wav	uchiyama		Q62168788						
771	data01/yairocho_090602_nagano_uematsu.0001.wav	yairocho		Q494888						
2170	data01/yairocho_090602_nagano_uematsu.0002.wav	yairocho		Q494888						
3886	data01/yairocho_090602_nagano_uematsu.0000.wav	yairocho		Q494888						
4211	data01/yairocho_090602_nagano_uematsu.0003.wav	yairocho		Q494888						
1941	data01/zuaka_080512_taketomi_mtakagi.0000.wav	zuaka		Q691005						
2736	data01/zuaka_080512_taketomi_mtakagi.0001.wav	zuaka		Q691005						
2737	data01/zuaka_080512_taketomi_mtakagi.0003.wav	zuaka		Q691005						
3244	data01/zuaka_080512_taketomi_mtakagi.0002.wav	zuaka		Q691005						
3804	data01/zuaka_9806_takara_anezaki.0000.wav	zuaka		Q691005						
