audio_id	audio_file_path	book_id	title	bird_name	id	en_name	ja_name	path	ja_path_name	en_path_name	path_taxon_rank_name
1_01	db/日本野鳥大鑑1/01 アビ.wav	1	01 アビ	アビ	Q26691	Red-throated Diver	アビ	Q3758978/Q26691	アビ属/アビ	Gavia/Red-throated Diver	genus/species
1_02	db/日本野鳥大鑑1/02 カイツブリ.wav	1	02 カイツブリ	カイツブリ	Q25421	Little Grebe	カイツブリ	Q21695/Q1051101/Q25421	カイツブリ科/カイツブリ属/カイツブリ	Podicipedidae/Tachybaptus/Little Grebe	family/genus/species
1_03	db/日本野鳥大鑑1/03 アカエリカイツブリ.wav	1	03 アカエリカイツブリ	アカエリカイツブリ	Q179919	Red-necked Grebe	アカエリカイツブリ	Q21695/Q1237815/Q179919	カイツブリ科/カンムリカイツブリ属/アカエリカイツブリ	Podicipedidae/Podiceps/Red-necked Grebe	family/genus/species
1_04	db/日本野鳥大鑑1/04 カンムリカイツブリ.wav	1	04 カンムリカイツブリ	カンムリカイツブリ	Q25422	Great Crested Grebe	カンムリカイツブリ	Q21695/Q1237815/Q25422	カイツブリ科/カンムリカイツブリ属/カンムリカイツブリ	Podicipedidae/Podiceps/Great Crested Grebe	family/genus/species
1_05	db/日本野鳥大鑑1/05 アホウドリ.wav	1	05 アホウドリ	アホウドリ	Q853412	Short-tailed Albatross	アホウドリ	Q55805/Q370849/Q853412	アホウドリ科/キタアホウドリ属/アホウドリ	albatross/North Pacific albatross/Short-tailed Albatross	family/genus/species
1_06	db/日本野鳥大鑑1/06 クロアシアホウドリ.wav	1	06 クロアシアホウドリ	クロアシアホウドリ	Q600319	Black-footed Albatross	クロアシアホウドリ	Q55805/Q370849/Q600319	アホウドリ科/キタアホウドリ属/クロアシアホウドリ	albatross/North Pacific albatross/Black-footed Albatross	family/genus/species
1_07	db/日本野鳥大鑑1/07 オオミズナギドリ.wav	1	07 オオミズナギドリ	オオミズナギドリ	Q181320	Streaked Shearwater	オオミズナギドリ	Q207767/Q1049267/Q181320	ミズナギドリ科/オオミズナギドリ属/オオミズナギドリ	Procellariidae/Calonectris/Streaked Shearwater	family/genus/species
1_08	db/日本野鳥大鑑1/08 ヒメクロウミツバメ.wav	1	08 ヒメクロウミツバメ	ヒメクロウミツバメ	Q1658724	Swinhoe's Storm Petrel	ヒメクロウミツバメ	Q21685/Q193404/Q603287/Q1658724	ミズナギドリ目/ウミツバメ科/Oceanodroma/ヒメクロウミツバメ	Procellariiformes/Storm petrel/Oceanodroma/Swinhoe's Storm Petrel	order/family/genus/species
1_09	db/日本野鳥大鑑1/09 コシジロウミツバメ.wav	1	09 コシジロウミツバメ	コシジロウミツバメ	Q211986	Leach’s Storm Petrel	コシジロウミツバメ	Q21685/Q193404/Q603287/Q211986	ミズナギドリ目/ウミツバメ科/Oceanodroma/コシジロウミツバメ	Procellariiformes/Storm petrel/Oceanodroma/Leach’s Storm Petrel	order/family/genus/species
1_10	db/日本野鳥大鑑1/10 コシジロウミツバメ.wav	1	10 コシジロウミツバメ	コシジロウミツバメ	Q211986	Leach’s Storm Petrel	コシジロウミツバメ	Q21685/Q193404/Q603287/Q211986	ミズナギドリ目/ウミツバメ科/Oceanodroma/コシジロウミツバメ	Procellariiformes/Storm petrel/Oceanodroma/Leach’s Storm Petrel	order/family/genus/species
1_11	db/日本野鳥大鑑1/11 クロコシジロウミツバメ.wav	1	11 クロコシジロウミツバメ	クロコシジロウミツバメ	Q1062575	Band-rumped Storm Petrel	クロコシジロウミツバメ	Q21685/Q193404/Q603287/Q1062575	ミズナギドリ目/ウミツバメ科/Oceanodroma/クロコシジロウミツバメ	Procellariiformes/Storm petrel/Oceanodroma/Band-rumped Storm Petrel	order/family/genus/species
1_12	db/日本野鳥大鑑1/12 オーストンウミツバメ.wav	1	12 オーストンウミツバメ	オーストンウミツバメ	Q1262413	Tristram's Storm Petrel	オーストンウミツバメ	Q21685/Q193404/Q603287/Q1262413	ミズナギドリ目/ウミツバメ科/Oceanodroma/オーストンウミツバメ	Procellariiformes/Storm petrel/Oceanodroma/Tristram's Storm Petrel	order/family/genus/species
1_13	db/日本野鳥大鑑1/13 カツオドリ.wav	1	13 カツオドリ	カツオドリ	Q320193	Brown Booby	カツオドリ	Q21728/Q208492/Q612817/Q320193	カツオドリ目/カツオドリ科/ブービー/カツオドリ	Suliformes/Sulidae/Sula/Brown Booby	order/family/genus/species
1_14	db/日本野鳥大鑑1/14 カワウ.wav	1	14 カワウ	カワウ	Q25440	Great Cormorant	カワウ	Q3901247/Q19401/Q25440	ウ科/ウ科/カワウ	Phalacrocoracidae/Phalacrocorax/Great Cormorant	family/genus/species
1_15	db/日本野鳥大鑑1/15 ウミウ.wav	1	15 ウミウ	ウミウ	Q727214	Japanese Cormorant	ウミウ	Q3901247/Q19401/Q727214	ウ科/ウ科/ウミウ	Phalacrocoracidae/Phalacrocorax/Japanese Cormorant	family/genus/species
1_16	db/日本野鳥大鑑1/16 チシマウガラス.wav	1	16 チシマウガラス	チシマウガラス	Q926664	Red-faced Cormorant	チシマウガラス	Q3901247/Q19401/Q926664	ウ科/ウ科/チシマウガラス	Phalacrocoracidae/Phalacrocorax/Red-faced Cormorant	family/genus/species
1_17	db/日本野鳥大鑑1/17 サンカノゴイ.wav	1	17 サンカノゴイ	サンカノゴイ	Q25709	Eurasian Bittern	サンカノゴイ	Q739050/Q25709	Botaurus/サンカノゴイ	Botaurus/Eurasian Bittern	genus/species
1_18	db/日本野鳥大鑑1/18 ヨシゴイ.wav	1	18 ヨシゴイ	ヨシゴイ	Q888536	Yellow Bittern	ヨシゴイ	Q19338/Q18789/Q855133/Q244078/Q888536	ペリカン目/サギ科/Botaurinae/Ixobrychus/ヨシゴイ	Pelecaniformes/Ardeidae/Botaurinae/Ixobrychus/Yellow Bittern	order/family/subfamily/genus/species
1_19	db/日本野鳥大鑑1/19 オオヨシゴイ.wav	1	19 オオヨシゴイ	オオヨシゴイ	Q888547	Von Schrenck’s Bittern	オオヨシゴイ	Q19338/Q18789/Q855133/Q244078/Q888547	ペリカン目/サギ科/Botaurinae/Ixobrychus/オオヨシゴイ	Pelecaniformes/Ardeidae/Botaurinae/Ixobrychus/Von Schrenck’s Bittern	order/family/subfamily/genus/species
1_20	db/日本野鳥大鑑1/20 リュウキュウヨシゴイ.wav	1	20 リュウキュウヨシゴイ	リュウキュウヨシゴイ	Q204111	Cinnamon Bittern	リュウキュウヨシゴイ	Q244078/Q204111	Ixobrychus/リュウキュウヨシゴイ	Ixobrychus/Cinnamon Bittern	genus/species
1_21	db/日本野鳥大鑑1/21 ミゾゴイ.wav	1	21 ミゾゴイ	ミゾゴイ	Q763116	Japanese Night Heron	ミゾゴイ	Q18789/Q1031335/Q135951/Q763116	サギ科/サギ亜科/Gorsachius/ミゾゴイ	Ardeidae/Ardeinae/Gorsachius/Japanese Night Heron	family/subfamily/genus/species
1_22	db/日本野鳥大鑑1/22 ズグロミゾゴイ.wav	1	22 ズグロミゾゴイ	ズグロミゾゴイ	Q764171	Malayan Night Heron	ズグロミゾゴイ	Q18789/Q1031335/Q135951/Q764171	サギ科/サギ亜科/Gorsachius/ズグロミゾゴイ	Ardeidae/Ardeinae/Gorsachius/Malayan Night Heron	family/subfamily/genus/species
1_23	db/日本野鳥大鑑1/23 ゴイサギ.wav	1	23 ゴイサギ	ゴイサギ	Q126216	Black-crowned Night Heron	ゴイサギ	Q133003/Q126216	Nycticorax/ゴイサギ	Nycticorax/Black-crowned Night Heron	genus/species
1_24	db/日本野鳥大鑑1/24 ササゴイ.wav	1	24 ササゴイ	ササゴイ	Q270722	Striated Heron	ササゴイ	Q18789/Q132906/Q270722	サギ科/Butorides/ササゴイ	Ardeidae/Butorides/Striated Heron	family/genus/species
1_25	db/日本野鳥大鑑1/25 アマサギ.wav	1	25 アマサギ	アマサギ	Q966356	Eastern Cattle Egret	アマサギ	Q18789/Q1031335/Q947895/Q966356	サギ科/サギ亜科/Bubulcus/アマサギ	Ardeidae/Ardeinae/Bubulcus/Eastern Cattle Egret	family/subfamily/genus/species
1_26	db/日本野鳥大鑑1/26 ダイサギ.wav	1	26 ダイサギ	ダイサギ	Q130730	Great Egret	ダイサギ	Q310853/Q130730	アオサギ属/ダイサギ	Ardea/Great Egret	genus/species
1_27	db/日本野鳥大鑑1/27 チュウサギ.wav	1	27 チュウサギ	チュウサギ	Q27074615	Intermediate Egret / Ardea intermedia	チュウサギ	Q310853/Q27074615	アオサギ属/チュウサギ	Ardea/Intermediate Egret / Ardea intermedia	genus/species
1_28	db/日本野鳥大鑑1/28 コサギ.wav	1	28 コサギ	コサギ	Q131709	Little Egret	コサギ	Q312272/Q131709	Egretta/コサギ	Egretta/Little Egret	genus/species
1_29	db/日本野鳥大鑑1/29 クロサギ.wav	1	29 クロサギ	クロサギ	Q392232	Pacific Reef Heron	クロサギ	Q19338/Q18789/Q312272/Q392232	ペリカン目/サギ科/Egretta/クロサギ	Pelecaniformes/Ardeidae/Egretta/Pacific Reef Heron	order/family/genus/species
1_30	db/日本野鳥大鑑1/30 アオサギ.wav	1	30 アオサギ	アオサギ	Q25273	Grey Heron	アオサギ	Q310853/Q25273	アオサギ属/アオサギ	Ardea/Grey Heron	genus/species
1_31	db/日本野鳥大鑑1/31 コウノトリ.wav	1	31 コウノトリ	コウノトリ	Q998495	Oriental White Stork	コウノトリ	Q43657/Q21716/Q28507/Q6471715/Q998495	Aequornithes/コウノトリ目/コウノトリ科/コウノトリ属/コウノトリ	Aequornithes/Ciconiiformes/Ciconiidae/Ciconia/Oriental White Stork	superorder/order/family/genus/species
1_32	db/日本野鳥大鑑1/32 ヘラサギ.wav	1	32 ヘラサギ	ヘラサギ	Q171360	Eurasian Spoonbill	ヘラサギ	Q208488/Q171360	ヘラサギ属/ヘラサギ	Platalea/Eurasian Spoonbill	genus/species
1_33	db/日本野鳥大鑑1/33 トキ.wav	1	33 トキ	トキ	Q493173	Crested Ibis	トキ	Q19338/Q162085/Q193833/Q14860497/Q493173	ペリカン目/トキ科/トキ亜科/Nipponia/トキ	Pelecaniformes/Ibises and Spoonbills/ibis/Nipponia/Crested Ibis	order/family/subfamily/genus/species
1_34	db/日本野鳥大鑑1/34 クロトキ.wav	1	34 クロトキ	クロトキ	Q373114	Black-headed Ibis	クロトキ	Q917005/Q373114	Threskiornis/クロトキ	Threskiornis/Black-headed Ibis	genus/species
1_35	db/日本野鳥大鑑1/35 カナダガン.wav	1	35 カナダガン	カナダガン	Q26733	Canada Goose	カナダガン	Q620938/Q210416/Q26733	ガン亜科/コクガン属/カナダガン	Anserinae/Branta/Canada Goose	subfamily/genus/species
1_36	db/日本野鳥大鑑1/36 コクガン.wav	1	36 コクガン	コクガン	Q27050	Brant Goose	コクガン	Q620938/Q210416/Q27050	ガン亜科/コクガン属/コクガン	Anserinae/Branta/Brant Goose	subfamily/genus/species
1_37	db/日本野鳥大鑑1/37 ハイイロガン.wav	1	37 ハイイロガン	ハイイロガン	Q25882	Graylag Goose	ハイイロガン	Q853058/Q21651/Q16124376/Q7556/Q620938/Q82562/Q183361/Q25882	キジカモ類/カモ目/Anatoidea/カモ科/ガン亜科/ガン族/マガン属/ハイイロガン	Galloanserae/Anseriformes/Anatoidea/Anatidae/Anserinae/Anserini/Anser/Graylag Goose	superorder/order/superfamily/family/subfamily/tribe/genus/species
1_38	db/日本野鳥大鑑1/38 マガン.wav	1	38 マガン	マガン	Q172093	Greater White-fronted Goose	マガン	Q183361/Q172093	マガン属/マガン	Anser/Greater White-fronted Goose	genus/species
1_39	db/日本野鳥大鑑1/39 カリガネ.wav	1	39 カリガネ	カリガネ	Q191628	Lesser White-fronted Goose	カリガネ	Q853058/Q21651/Q16124376/Q7556/Q620938/Q82562/Q183361/Q191628	キジカモ類/カモ目/Anatoidea/カモ科/ガン亜科/ガン族/マガン属/カリガネ	Galloanserae/Anseriformes/Anatoidea/Anatidae/Anserinae/Anserini/Anser/Lesser White-fronted Goose	superorder/order/superfamily/family/subfamily/tribe/genus/species
1_40	db/日本野鳥大鑑1/40 ヒシクイ.wav	1	40 ヒシクイ	ヒシクイ	Q673280	Tundra Bean Goose	ヒシクイ	Q853058/Q21651/Q16124376/Q7556/Q620938/Q82562/Q183361/Q673280	キジカモ類/カモ目/Anatoidea/カモ科/ガン亜科/ガン族/マガン属/ヒシクイ	Galloanserae/Anseriformes/Anatoidea/Anatidae/Anserinae/Anserini/Anser/Tundra Bean Goose	superorder/order/superfamily/family/subfamily/tribe/genus/species
1_42	db/日本野鳥大鑑1/42 インドガン.wav	1	42 インドガン	インドガン	Q191125	Bar-headed Goose	インドガン	Q853058/Q21651/Q16124376/Q7556/Q620938/Q82562/Q183361/Q191125	キジカモ類/カモ目/Anatoidea/カモ科/ガン亜科/ガン族/マガン属/インドガン	Galloanserae/Anseriformes/Anatoidea/Anatidae/Anserinae/Anserini/Anser/Bar-headed Goose	superorder/order/superfamily/family/subfamily/tribe/genus/species
1_43	db/日本野鳥大鑑1/43 ハクガン.wav	1	43 ハクガン	ハクガン	Q27074540	Anser caerulescens	ハクガン	Q853058/Q21651/Q16124376/Q7556/Q620938/Q82562/Q183361/Q27074540	キジカモ類/カモ目/Anatoidea/カモ科/ガン亜科/ガン族/マガン属/ハクガン	Galloanserae/Anseriformes/Anatoidea/Anatidae/Anserinae/Anserini/Anser/Anser caerulescens	superorder/order/superfamily/family/subfamily/tribe/genus/species
1_44	db/日本野鳥大鑑1/44 ミカドガン.wav	1	44 ミカドガン	ミカドガン	Q755653	Emperor Goose	ミカドガン	Q853058/Q21651/Q16124376/Q7556/Q620938/Q82562/Q183361/Q755653	キジカモ類/カモ目/Anatoidea/カモ科/ガン亜科/ガン族/マガン属/ミカドガン	Galloanserae/Anseriformes/Anatoidea/Anatidae/Anserinae/Anserini/Anser/Emperor Goose	superorder/order/superfamily/family/subfamily/tribe/genus/species
1_45	db/日本野鳥大鑑1/45 オオハクチョウ.wav	1	45 オオハクチョウ	オオハクチョウ	Q25612	Whooper Swan	オオハクチョウ	Q620938/Q29564928/Q25612	ガン亜科/ハクチョウ属/オオハクチョウ	Anserinae/Cygnus/Whooper Swan	subfamily/genus/species
1_46	db/日本野鳥大鑑1/46 コハクチョウ.wav	1	46 コハクチョウ	コハクチョウ	Q26603	Tundra Swan	コハクチョウ	Q620938/Q29564928/Q26603	ガン亜科/ハクチョウ属/コハクチョウ	Anserinae/Cygnus/Tundra Swan	subfamily/genus/species
1_47	db/日本野鳥大鑑1/47 アカツクシガモ.wav	1	47 アカツクシガモ	アカツクシガモ	Q170723	Ruddy Shelduck	アカツクシガモ	Q46316/Q170723	ツクシガモ属/アカツクシガモ	Shelducks/Ruddy Shelduck	genus/species
1_48	db/日本野鳥大鑑1/48 オシドリ.wav	1	48 オシドリ	オシドリ	Q200339	Mandarin Duck	オシドリ	Q27725/Q131450/Q200339	カモ亜科/オシドリ属/オシドリ	Anatinae/Aix/Mandarin Duck	subfamily/genus/species
1_49	db/日本野鳥大鑑1/49 マガモ.wav	1	49 マガモ	マガモ	Q25348	Mallard	マガモ	Q27725/Q214264/Q25348	カモ亜科/マガモ属/マガモ	Anatinae/Anas/Mallard	subfamily/genus/species
1_50	db/日本野鳥大鑑1/50 カルガモ.wav	1	50 カルガモ	カルガモ	Q839542	Indian Spot-billed Duck	カルガモ	Q27725/Q214264/Q839542	カモ亜科/マガモ属/カルガモ	Anatinae/Anas/Indian Spot-billed Duck	subfamily/genus/species
1_51	db/日本野鳥大鑑1/51 コガモ.wav	1	51 コガモ	コガモ	Q25700	Eurasian Teal	コガモ	Q27725/Q214264/Q25700	カモ亜科/マガモ属/コガモ	Anatinae/Anas/Eurasian Teal	subfamily/genus/species
1_52	db/日本野鳥大鑑1/52 ヨシガモ.wav	1	52 ヨシガモ	ヨシガモ	Q339781	Anas falcata	ヨシガモ	Q27725/Q214264/Q339781	カモ亜科/マガモ属/ヨシガモ	Anatinae/Anas/Anas falcata	subfamily/genus/species
1_53	db/日本野鳥大鑑1/53 ヒドリガモ.wav	1	53 ヒドリガモ	ヒドリガモ	Q26459	Anas penelope	ヒドリガモ	Q27725/Q214264/Q26459	カモ亜科/マガモ属/ヒドリガモ	Anatinae/Anas/Anas penelope	subfamily/genus/species
1_54	db/日本野鳥大鑑1/54 オナガガモ.wav	1	54 オナガガモ	オナガガモ	Q25450	Nothern Pintail	オナガガモ	Q27725/Q214264/Q25450	カモ亜科/マガモ属/オナガガモ	Anatinae/Anas/Nothern Pintail	subfamily/genus/species
1_55	db/日本野鳥大鑑1/55 ホシハジロ.wav	1	55 ホシハジロ	ホシハジロ	Q26742	Common Pochard	ホシハジロ	Q27725/Q214300/Q26742	カモ亜科/ハジロ属/ホシハジロ	Anatinae/Aythya/Common Pochard	subfamily/genus/species
1_56	db/日本野鳥大鑑1/56 キンクロハジロ.wav	1	56 キンクロハジロ	キンクロハジロ	Q26444	Tufted Duck	キンクロハジロ	Q27725/Q214300/Q26444	カモ亜科/ハジロ属/キンクロハジロ	Anatinae/Aythya/Tufted Duck	subfamily/genus/species
1_57	db/日本野鳥大鑑1/57 スズガモ.wav	1	57 スズガモ	スズガモ	Q26635	Greater Scaup	スズガモ	Q27725/Q214300/Q26635	カモ亜科/ハジロ属/スズガモ	Anatinae/Aythya/Greater Scaup	subfamily/genus/species
1_58	db/日本野鳥大鑑1/58 クロガモ.wav	1	58 クロガモ	クロガモ	Q529048	Black Scoter	クロガモ	Q27725/Q256760/Q529048	カモ亜科/クロガモ属/クロガモ	Anatinae/scoter/Black Scoter	subfamily/genus/species
1_59	db/日本野鳥大鑑1/59 シノリガモ.wav	1	59 シノリガモ	シノリガモ	Q331179	Harlequin Duck	シノリガモ	Q631677/Q331179	アイサ亜科/シノリガモ	Merginae/Harlequin Duck	subfamily/species
1_60	db/日本野鳥大鑑1/60 コオリガモ.wav	1	60 コオリガモ	コオリガモ	Q26597	Long-tailed Duck	コオリガモ	Q27725/Q2060384/Q26597	カモ亜科/Clangula/コオリガモ	Anatinae/Clangula/Long-tailed Duck	subfamily/genus/species
1_61	db/日本野鳥大鑑1/61 カワアイサ.wav	1	61 カワアイサ	カワアイサ	Q180991	Common Merganser	カワアイサ	Q27725/Q253789/Q180991	カモ亜科/アイサ属/カワアイサ	Anatinae/Mergus/Common Merganser	subfamily/genus/species
2_01	db/日本野鳥大鑑2/01 ミサゴ.wav	2	01 ミサゴ	ミサゴ	Q25332	Osprey	ミサゴ	Q20645445/Q15718604/Q19595747/Q21736/Q28240/Q3893145/Q25332	Telluraves/Afroaves/Accipitrimorphae/タカ目/ミサゴ科/Pandion/ミサゴ	Telluraves/Afroaves/Accipitrimorphae/Accipitriformes/Pandionidae/Pandion/Osprey	order/family/genus/species
2_02	db/日本野鳥大鑑2/02 ハチクマ.wav	2	02 ハチクマ	ハチクマ	Q605431	Oriental Honey Buzzard	ハチクマ	Q6377551/Q605431	Pernis/ハチクマ	Pernis/Oriental Honey Buzzard	genus/species
2_03	db/日本野鳥大鑑2/03 トビ.wav	2	03 トビ	トビ	Q80362	Black Kite	トビ	Q20645445/Q15718604/Q19595747/Q21736/Q25510/Q600204/Q80362	Telluraves/Afroaves/Accipitrimorphae/タカ目/タカ科/トビ属/トビ	Telluraves/Afroaves/Accipitrimorphae/Accipitriformes/Accipitridae/Milvus/Black Kite	order/family/genus/species
2_04	db/日本野鳥大鑑2/04 オジロワシ.wav	2	04 オジロワシ	オジロワシ	Q25438	White-tailed Sea Eagle	オジロワシ	Q25510/Q147403/Q25438	タカ科/ウミワシ/オジロワシ	Accipitridae/Haliaeetus/White-tailed Sea Eagle	family/genus/species
2_05	db/日本野鳥大鑑2/05 オオワシ.wav	2	05 オオワシ	オオワシ	Q269896	Steller’s Sea Eagle	オオワシ	Q25510/Q147403/Q269896	タカ科/ウミワシ/オオワシ	Accipitridae/Haliaeetus/Steller’s Sea Eagle	family/genus/species
2_06	db/日本野鳥大鑑2/06 オオタカ.wav	2	06 オオタカ	オオタカ	Q25353	Northern Goshawk	オオタカ	Q940115/Q188737/Q25353	ハイタカ亜科/ハイタカ属/オオタカ	Accipitrinae/Accipiter/Northern Goshawk	subfamily/genus/species
2_07	db/日本野鳥大鑑2/07 アカハラダカ.wav	2	07 アカハラダカ	アカハラダカ	Q128029	Chinese Sparrowhawk	アカハラダカ	Q940115/Q188737/Q128029	ハイタカ亜科/ハイタカ属/アカハラダカ	Accipitrinae/Accipiter/Chinese Sparrowhawk	subfamily/genus/species
2_08	db/日本野鳥大鑑2/08 ツミ.wav	2	08 ツミ	ツミ	Q606755	Japanese Sparrowhawk	ツミ	Q940115/Q188737/Q606755	ハイタカ亜科/ハイタカ属/ツミ	Accipitrinae/Accipiter/Japanese Sparrowhawk	subfamily/genus/species
2_09	db/日本野鳥大鑑2/09 ハイタカ.wav	2	09 ハイタカ	ハイタカ	Q25380	Eurasian Sparrowhawk	ハイタカ	Q940115/Q188737/Q25380	ハイタカ亜科/ハイタカ属/ハイタカ	Accipitrinae/Accipiter/Eurasian Sparrowhawk	subfamily/genus/species
2_10	db/日本野鳥大鑑2/10 ノスリ.wav	2	10 ノスリ	ノスリ	Q1152577	Eastern Buzzard	ノスリ	Q25510/Q235152/Q1152577	タカ科/ノスリ属/ノスリ	Accipitridae/Buteo/Eastern Buzzard	family/genus/species
2_12	db/日本野鳥大鑑2/12 サシバ.wav	2	12 サシバ	サシバ	Q1270171	Grey-faced Buzzard	サシバ	Q20645445/Q15718604/Q19595747/Q21736/Q25510/Q852334/Q1270171	Telluraves/Afroaves/Accipitrimorphae/タカ目/タカ科/Butastur/サシバ	Telluraves/Afroaves/Accipitrimorphae/Accipitriformes/Accipitridae/Butastur/Grey-faced Buzzard	order/family/genus/species
2_13	db/日本野鳥大鑑2/13 クマタカ.wav	2	13 クマタカ	クマタカ	Q1262185	Moutain Hawk-Eagle	クマタカ	Q1978121/Q1262185	Nisaetus/クマタカ	Nisaetus/Moutain Hawk-Eagle	genus/species
2_14	db/日本野鳥大鑑2/14 イヌワシ.wav	2	14 イヌワシ	イヌワシ	Q41181	Golden Eagle	イヌワシ	Q20645445/Q15718604/Q19595747/Q21736/Q25510/Q754889/Q30085/Q41181	Telluraves/Afroaves/Accipitrimorphae/タカ目/タカ科/Buteoninae/Aquila/イヌワシ	Telluraves/Afroaves/Accipitrimorphae/Accipitriformes/Accipitridae/Buteoninae/Aquila/Golden Eagle	order/family/subfamily/genus/species
2_15	db/日本野鳥大鑑2/15 カンムリワシ.wav	2	15 カンムリワシ	カンムリワシ	Q431212	Crested Serpent Eagle	カンムリワシ	Q20645445/Q15718604/Q19595747/Q21736/Q25510/Q540883/Q431212	Telluraves/Afroaves/Accipitrimorphae/タカ目/タカ科/Spilornis/カンムリワシ	Telluraves/Afroaves/Accipitrimorphae/Accipitriformes/Accipitridae/Spilornis/Crested Serpent Eagle	order/family/genus/species
2_16	db/日本野鳥大鑑2/16 ハヤブサ.wav	2	16 ハヤブサ	ハヤブサ	Q30535	Peregrine Falcon	ハヤブサ	Q326483/Q25370/Q21744/Q754660/Q43489/Q30535	Eufalconimorphae/ハヤブサ下目/ハヤブサ科/Falconinae/ハヤブサ属/ハヤブサ	Eufalconimorphae/Falconiformes/Falconidae/Falconinae/Falco/Peregrine Falcon	order/family/subfamily/genus/species
2_17	db/日本野鳥大鑑2/17 チゴハヤブサ.wav	2	17 チゴハヤブサ	チゴハヤブサ	Q25876	Eurasian Hobby	チゴハヤブサ	Q326483/Q25370/Q21744/Q754660/Q43489/Q1132015/Q25876	Eufalconimorphae/ハヤブサ下目/ハヤブサ科/Falconinae/ハヤブサ属/hobby/チゴハヤブサ	Eufalconimorphae/Falconiformes/Falconidae/Falconinae/Falco/hobby/Eurasian Hobby	order/family/subfamily/genus/subgenus/species
2_18	db/日本野鳥大鑑2/18 チョウゲンボウ.wav	2	18 チョウゲンボウ	チョウゲンボウ	Q26490	Common Kestrel	チョウゲンボウ	Q326483/Q25370/Q21744/Q754660/Q43489/Q26490	Eufalconimorphae/ハヤブサ下目/ハヤブサ科/Falconinae/ハヤブサ属/チョウゲンボウ	Eufalconimorphae/Falconiformes/Falconidae/Falconinae/Falco/Common Kestrel	order/family/subfamily/genus/species
2_19	db/日本野鳥大鑑2/19 ライチョウ.wav	2	19 ライチョウ	ライチョウ	Q205930	Rock Ptarmigan	ライチョウ	Q201240/Q162029/Q205930	ライチョウ亜科/ライチョウ属/ライチョウ	Tetraoninae/Lagopus/Rock Ptarmigan	subfamily/genus/species
2_20	db/日本野鳥大鑑2/20 エゾライチョウ.wav	2	20 エゾライチョウ	エゾライチョウ	Q182761	Hazel Grouse	エゾライチョウ	Q926064/Q182761	Testrates/エゾライチョウ	Testrates/Hazel Grouse	genus/species
2_21	db/日本野鳥大鑑2/21 ウズラ.wav	2	21 ウズラ	ウズラ	Q716869	Janpanese Quail	ウズラ	Q9304816/Q1869243/Q716869	Perdicinae/ウズラ属/ウズラ	Perdicinae/Coturnix/Janpanese Quail	subfamily/genus/species
2_22	db/日本野鳥大鑑2/22 ヤマドリ.wav	2	22 ヤマドリ	ヤマドリ	Q731600	Copper Pheasant	ヤマドリ	Q863604/Q731600	ヤマドリ属/ヤマドリ	Syrmaticus/Copper Pheasant	genus/species
2_23	db/日本野鳥大鑑2/23 キジ.wav	2	23 キジ	キジ	Q425900	Green Pheasant	キジ	Q974811/Q737426/Q425900	Phasianinae/キジ亜科/キジ	Phasianinae/Phasianus/Green Pheasant	subfamily/genus/species
2_24	db/日本野鳥大鑑2/24 ミフウズラ.wav	2	24 ミフウズラ	ミフウズラ	Q1262057	Barred Buttonquail	ミフウズラ	Q1608770/Q1262057	Turnix/ミフウズラ	Turnix/Barred Buttonquail	genus/species
2_25	db/日本野鳥大鑑2/25 クロヅル.wav	2	25 クロヅル	クロヅル	Q4764	Common Crane	クロヅル	Q25557/Q25365/Q47549/Q4764	ツル目/ツル/ツル属/クロヅル	Gruiformes/Gruidae/Grus/Common Crane	order/family/genus/species
2_26	db/日本野鳥大鑑2/26 タンチョウ.wav	2	26 タンチョウ	タンチョウ	Q232906	Red-crowned Crane	タンチョウ	Q47549/Q232906	ツル属/タンチョウ	Grus/Red-crowned Crane	genus/species
2_27	db/日本野鳥大鑑2/27 ナベヅル.wav	2	27 ナベヅル	ナベヅル	Q494983	Hooded Crane	ナベヅル	Q25557/Q25365/Q47549/Q494983	ツル目/ツル/ツル属/ナベヅル	Gruiformes/Gruidae/Grus/Hooded Crane	order/family/genus/species
2_28	db/日本野鳥大鑑2/28 カナダヅル.wav	2	28 カナダヅル	カナダヅル	Q503804	Sandhill Crane	カナダヅル	Q25557/Q25365/Q47549/Q503804	ツル目/ツル/ツル属/カナダヅル	Gruiformes/Gruidae/Grus/Sandhill Crane	order/family/genus/species
2_29	db/日本野鳥大鑑2/29 マナヅル.wav	2	29 マナヅル	マナヅル	Q27452479	Antigone vipio	マナヅル	Q25557/Q25365/Q16529427/Q27452479	ツル目/ツル/Antigone/マナヅル	Gruiformes/Gruidae/Antigone/Antigone vipio	order/family/genus/species
2_30	db/日本野鳥大鑑2/30 ソデグロヅル.wav	2	30 ソデグロヅル	ソデグロヅル	Q21949185	Leucogeranus leucogeranus	ソデグロヅル	Q21949237/Q21949185	Leucogeranus/ソデグロヅル	Leucogeranus/Leucogeranus leucogeranus	genus/species
2_31	db/日本野鳥大鑑2/31 クイナ.wav	2	31 クイナ	クイナ	Q3454180	Brown-cheeked Rail	クイナ	Q5113/Q19168/Q25557/Q26623/Q220705/Q3454180	Q5113/新顎類/ツル目/クイナ科/Rallus/クイナ	Neognathae/Gruiformes/Rallidae/Rallus/Brown-cheeked Rail	Unknown/subclass/order/family/genus/species
2_32	db/日本野鳥大鑑2/32 ヤンバルクイナ.wav	2	32 ヤンバルクイナ	ヤンバルクイナ	Q1069867	Gallirallus okinawae	ヤンバルクイナ	Q147880/Q1069867	Gallirallus/ヤンバルクイナ	Gallirallus/Gallirallus okinawae	genus/species
2_33	db/日本野鳥大鑑2/33 オオクイナ.wav	2	33 オオクイナ	オオクイナ	Q679123	Slaty-legged Crake	オオクイナ	Q979624/Q679123	Rallina/オオクイナ	Rallina/Slaty-legged Crake	genus/species
2_34	db/日本野鳥大鑑2/34 ヒクイナ.wav	2	34 ヒクイナ	ヒクイナ	Q1076585	Ruddy-breasted Crake	ヒクイナ	Q835525/Q1076585	Porzana/ヒクイナ	Porzana/Ruddy-breasted Crake	genus/species
2_36	db/日本野鳥大鑑2/36 シマクイナ.wav	2	36 シマクイナ	シマクイナ	Q1260592	Yellow Rail	シマクイナ	Q869404/Q1260592	Coturnicops/シマクイナ	Coturnicops/Yellow Rail	genus/species
2_37	db/日本野鳥大鑑2/37 シロハラクイナ.wav	2	37 シロハラクイナ	シロハラクイナ	Q862825	White-breasted Waterhen	シロハラクイナ	Q5113/Q19168/Q25557/Q26623/Q688188/Q862825	Q5113/新顎類/ツル目/クイナ科/Amaurornis/シロハラクイナ	Neognathae/Gruiformes/Rallidae/Amaurornis/White-breasted Waterhen	Unknown/subclass/order/family/genus/species
2_38	db/日本野鳥大鑑2/38 ツルクイナ.wav	2	38 ツルクイナ	ツルクイナ	Q494424	Watercock	ツルクイナ	Q5113/Q19168/Q25557/Q26623/Q15875487/Q494424	Q5113/新顎類/ツル目/クイナ科/Gallicrex/ツルクイナ	Neognathae/Gruiformes/Rallidae/Gallicrex/Watercock	Unknown/subclass/order/family/genus/species
2_39	db/日本野鳥大鑑2/39 バン.wav	2	39 バン	バン	Q18847	Common Moorhen	バン	Q853653/Q18847	Gallinula/バン	Gallinula/Common Moorhen	genus/species
2_40	db/日本野鳥大鑑2/40 オオバン.wav	2	40 オオバン	オオバン	Q25376	Common Coot	オオバン	Q637533/Q25376	Fulica/オオバン	Fulica/Common Coot	genus/species
2_41	db/日本野鳥大鑑2/41 タマシギ.wav	2	41 タマシギ	タマシギ	Q31617	Greater Painted Snipe	タマシギ	Q674094/Q31617	Rostratula/タマシギ	Rostratula/Greater Painted Snipe	genus/species
2_42	db/日本野鳥大鑑2/42 ミヤコドリ.wav	2	42 ミヤコドリ	ミヤコドリ	Q25928	Eurasian Oystercatcher	ミヤコドリ	Q27515/Q25928	ミヤコドリ属/ミヤコドリ	Haematopus/Eurasian Oystercatcher	genus/species
2_43	db/日本野鳥大鑑2/43 コチドリ.wav	2	43 コチドリ	コチドリ	Q18851	Little Ringed Plover	コチドリ	Q736322/Q18851	Charadrius/コチドリ	Charadrius/Little Ringed Plover	genus/species
2_44	db/日本野鳥大鑑2/44 イカルチドリ.wav	2	44 イカルチドリ	イカルチドリ	Q913777	Long-billed Plover	イカルチドリ	Q27732132/Q25978/Q28449/Q736322/Q913777	Gruimorphae/チドリ目/チドリ科/Charadrius/イカルチドリ	Gruimorphae/Charadriiformes/Charadriidae/Charadrius/Long-billed Plover	order/family/genus/species
2_45	db/日本野鳥大鑑2/45 シロチドリ.wav	2	45 シロチドリ	シロチドリ	Q18855	Kentish Plover	シロチドリ	Q736322/Q18855	Charadrius/シロチドリ	Charadrius/Kentish Plover	genus/species
2_46	db/日本野鳥大鑑2/46 メダイチドリ.wav	2	46 メダイチドリ	メダイチドリ	Q305255	Lesser Sand Plover	メダイチドリ	Q736322/Q305255	Charadrius/メダイチドリ	Charadrius/Lesser Sand Plover	genus/species
2_47	db/日本野鳥大鑑2/47 ムナグロ.wav	2	47 ムナグロ	ムナグロ	Q18865	Pacific Golden Plover	ムナグロ	Q2359014/Q18865	Pluvialis/ムナグロ	Pluvialis/Pacific Golden Plover	genus/species
2_48	db/日本野鳥大鑑2/48 ダイゼン.wav	2	48 ダイゼン	ダイゼン	Q18835	Grey Plover	ダイゼン	Q2359014/Q18835	Pluvialis/ダイゼン	Pluvialis/Grey Plover	genus/species
2_49	db/日本野鳥大鑑2/49 ケリ.wav	2	49 ケリ	ケリ	Q1047787	Grey-headed Lapwing	ケリ	Q13426919/Q1047787	Vanellus/ケリ	Vanellus/Grey-headed Lapwing	genus/species
2_50	db/日本野鳥大鑑2/50 タゲリ.wav	2	50 タゲリ	タゲリ	Q25392	Northern Lapwing	タゲリ	Q289448/Q13426919/Q25392	lapwing/Vanellus/タゲリ	lapwing/Vanellus/Northern Lapwing	subfamily/genus/species
2_51	db/日本野鳥大鑑2/51 キョウジョシギ.wav	2	51 キョウジョシギ	キョウジョシギ	Q26892	Ruddy Turnstone	キョウジョシギ	Q4865776/Q26892	Arenaria/キョウジョシギ	Arenaria/Ruddy Turnstone	genus/species
2_52	db/日本野鳥大鑑2/52 トウネン.wav	2	52 トウネン	トウネン	Q18860	Red-necked Stint	トウネン	Q30838/Q18860	オバシギ属/トウネン	Calidris/Red-necked Stint	genus/species
2_53	db/日本野鳥大鑑2/53 ハマシギ.wav	2	53 ハマシギ	ハマシギ	Q26650	Dunlin	ハマシギ	Q30838/Q26650	オバシギ属/ハマシギ	Calidris/Dunlin	genus/species
2_54	db/日本野鳥大鑑2/54 ミユビシギ.wav	2	54 ミユビシギ	ミユビシギ	Q58958	Sanderling	ミユビシギ	Q27732132/Q25978/Q26626/Q30838/Q58958	Gruimorphae/チドリ目/シギ科/オバシギ属/ミユビシギ	Gruimorphae/Charadriiformes/Scolopacidae/Calidris/Sanderling	order/family/genus/species
2_55	db/日本野鳥大鑑2/55 ツルシギ.wav	2	55 ツルシギ	ツルシギ	Q28103	Spotted Redshank	ツルシギ	Q41972/Q28103	Tringa/ツルシギ	Tringa/Spotted Redshank	genus/species
2_56	db/日本野鳥大鑑2/56 アカアシシギ.wav	2	56 アカアシシギ	アカアシシギ	Q18859	Common Redshank	アカアシシギ	Q41972/Q18859	Tringa/アカアシシギ	Tringa/Common Redshank	genus/species
2_57	db/日本野鳥大鑑2/57 アオアシシギ.wav	2	57 アオアシシギ	アオアシシギ	Q18840	Common Greenshank	アオアシシギ	Q41972/Q18840	Tringa/アオアシシギ	Tringa/Common Greenshank	genus/species
2_58	db/日本野鳥大鑑2/58 タカブシギ.wav	2	58 タカブシギ	タカブシギ	Q18837	Wood Sandpiper	タカブシギ	Q41972/Q18837	Tringa/タカブシギ	Tringa/Wood Sandpiper	genus/species
2_59	db/日本野鳥大鑑2/59 キアシシギ.wav	2	59 キアシシギ	キアシシギ	Q1272062	Heteroscelus brevipes	キアシシギ	Q2312123/Q1272062	Tattler/キアシシギ	Tattler/Heteroscelus brevipes	genus/species
2_60	db/日本野鳥大鑑2/60 イソシギ.wav	2	60 イソシギ	イソシギ	Q18850	Common Sandpiper	イソシギ	Q310859/Q18850	Actitis/イソシギ	Actitis/Common Sandpiper	genus/species
2_61	db/日本野鳥大鑑2/61 ソリハシシギ.wav	2	61 ソリハシシギ	ソリハシシギ	Q18856	Terek Sandpiper	ソリハシシギ	Q26626/Q18000478/Q18856	シギ科/Xenus/ソリハシシギ	Scolopacidae/Xenus/Terek Sandpiper	family/genus/species
2_62	db/日本野鳥大鑑2/62 オグロシギ.wav	2	62 オグロシギ	オグロシギ	Q18841	Black-tailed Godwit	オグロシギ	Q585636/Q18841	Limosa/オグロシギ	Limosa/Black-tailed Godwit	genus/species
2_63	db/日本野鳥大鑑2/63 オオソリハシシギ.wav	2	63 オオソリハシシギ	オオソリハシシギ	Q18864	Bar-tailed Godwit	オオソリハシシギ	Q585636/Q18864	Limosa/オオソリハシシギ	Limosa/Bar-tailed Godwit	genus/species
2_64	db/日本野鳥大鑑2/64 ダイシャクシギ.wav	2	64 ダイシャクシギ	ダイシャクシギ	Q18854	Eurasian Curlew	ダイシャクシギ	Q215166/Q18854	ダイシャクシギ属/ダイシャクシギ	Numenius/Eurasian Curlew	genus/species
2_65	db/日本野鳥大鑑2/65 ホウロクシギ.wav	2	65 ホウロクシギ	ホウロクシギ	Q76496	Eastern Curlew	ホウロクシギ	Q26626/Q215166/Q76496	シギ科/ダイシャクシギ属/ホウロクシギ	Scolopacidae/Numenius/Eastern Curlew	family/genus/species
2_66	db/日本野鳥大鑑2/66 チュウシャクシギ.wav	2	66 チュウシャクシギ	チュウシャクシギ	Q18858	Eurasian Whimbrel	チュウシャクシギ	Q215166/Q18858	ダイシャクシギ属/チュウシャクシギ	Numenius/Eurasian Whimbrel	genus/species
2_67	db/日本野鳥大鑑2/67 ヤマシギ.wav	2	67 ヤマシギ	ヤマシギ	Q26114	Eurasian Woodcock	ヤマシギ	Q642855/Q26114	Woodcock/ヤマシギ	Woodcock/Eurasian Woodcock	genus/species
2_68	db/日本野鳥大鑑2/68 アマミヤマシギ.wav	2	68 アマミヤマシギ	アマミヤマシギ	Q265279	Amami Woodcock	アマミヤマシギ	Q642855/Q265279	Woodcock/アマミヤマシギ	Woodcock/Amami Woodcock	genus/species
2_69	db/日本野鳥大鑑2/69 タシギ.wav	2	69 タシギ	タシギ	Q25692	Common Snipe	タシギ	Q786045/Q25692	Gallinago/タシギ	Gallinago/Common Snipe	genus/species
2_70	db/日本野鳥大鑑2/70 オオジシギ.wav	2	70 オオジシギ	オオジシギ	Q941289	Latham’s Snipe	オオジシギ	Q27732132/Q25978/Q26626/Q786045/Q941289	Gruimorphae/チドリ目/シギ科/Gallinago/オオジシギ	Gruimorphae/Charadriiformes/Scolopacidae/Gallinago/Latham’s Snipe	order/family/genus/species
2_71	db/日本野鳥大鑑2/71 セイタカシギ.wav	2	71 セイタカシギ	セイタカシギ	Q18844	Pied Stilt	セイタカシギ	Q316342/Q18844	Himantopus/セイタカシギ	Himantopus/Pied Stilt	genus/species
2_72	db/日本野鳥大鑑2/72 ハイイロヒレアシシギ.wav	2	72 ハイイロヒレアシシギ	ハイイロヒレアシシギ	Q208335	Red Phalarope	ハイイロヒレアシシギ	Q253776/Q208335	ヒレアシシギ属/ハイイロヒレアシシギ	Phalaropus/Red Phalarope	genus/species
2_73	db/日本野鳥大鑑2/73 アカエリヒレアシシギ.wav	2	73 アカエリヒレアシシギ	アカエリヒレアシシギ	Q206840	Red-necked Phalarope	アカエリヒレアシシギ	Q253776/Q206840	ヒレアシシギ属/アカエリヒレアシシギ	Phalaropus/Red-necked Phalarope	genus/species
2_74	db/日本野鳥大鑑2/74 ツバメチドリ.wav	2	74 ツバメチドリ	ツバメチドリ	Q116708	Oriental Pratincole	ツバメチドリ	Q2375770/Q116708	Glareola/ツバメチドリ	Glareola/Oriental Pratincole	genus/species
3_01	db/日本野鳥大鑑3/01 トウゾクカモメ.wav	3	01 トウゾクカモメ	トウゾクカモメ	Q212767	Pomarine Skua	トウゾクカモメ	Q205323/Q1053111/Q212767	トウゾクカモメ科/Stercorarius/トウゾクカモメ	Stercorariidae/Stercorarius/Pomarine Skua	family/genus/species
3_02	db/日本野鳥大鑑3/02 ユリカモメ.wav	3	02 ユリカモメ	ユリカモメ	Q25634	Black-headed Gull	ユリカモメ	Q27589/Q135851/Q25634	カモメ科/Chroicocephalus/ユリカモメ	Laridae/Chroicocephalus/Black-headed Gull	family/genus/species
3_03	db/日本野鳥大鑑3/03 セグロカモメ.wav	3	03 セグロカモメ	セグロカモメ	Q589154	Vega Gull	セグロカモメ	Q27589/Q1887740/Q589154	カモメ科/カモメ属/セグロカモメ	Laridae/Larus/Vega Gull	family/genus/species
3_04	db/日本野鳥大鑑3/04 オオセグロカモメ.wav	3	04 オオセグロカモメ	オオセグロカモメ	Q1272080	Slaty-backed Gull	オオセグロカモメ	Q1887740/Q1272080	カモメ属/オオセグロカモメ	Larus/Slaty-backed Gull	genus/species
3_05	db/日本野鳥大鑑3/05 シロカモメ.wav	3	05 シロカモメ	シロカモメ	Q27375	Glaucous Gull	シロカモメ	Q27589/Q1887740/Q27375	カモメ科/カモメ属/シロカモメ	Laridae/Larus/Glaucous Gull	family/genus/species
3_06	db/日本野鳥大鑑3/06 カモメ.wav	3	06 カモメ	カモメ	Q26427	Mew Gull	カモメ	Q27589/Q1887740/Q26427	カモメ科/カモメ属/カモメ	Laridae/Larus/Mew Gull	family/genus/species
3_07	db/日本野鳥大鑑3/07 ウミネコ.wav	3	07 ウミネコ	ウミネコ	Q623194	Black-tailed Gull	ウミネコ	Q27589/Q1887740/Q623194	カモメ科/カモメ属/ウミネコ	Laridae/Larus/Black-tailed Gull	family/genus/species
3_08	db/日本野鳥大鑑3/08 ズグロカモメ.wav	3	08 ズグロカモメ	ズグロカモメ	Q1070365	Saunders’s Gull	ズグロカモメ	Q135851/Q1070365	Chroicocephalus/ズグロカモメ	Chroicocephalus/Saunders’s Gull	genus/species
3_09	db/日本野鳥大鑑3/09 ミツユビカモメ.wav	3	09 ミツユビカモメ	ミツユビカモメ	Q26612	Black-legged Kittiwake	ミツユビカモメ	Q310848/Q26612	ミツユビカモメ属/ミツユビカモメ	Rissa/Black-legged Kittiwake	genus/species
3_10	db/日本野鳥大鑑3/10 アジサシ.wav	3	10 アジサシ	アジサシ	Q18875	Common Tern	アジサシ	Q76366/Q18875	Sterna/アジサシ	Sterna/Common Tern	genus/species
3_11	db/日本野鳥大鑑3/11 キョクアジサシ.wav	3	11 キョクアジサシ	キョクアジサシ	Q26800	Arctic Tern	キョクアジサシ	Q76366/Q26800	Sterna/キョクアジサシ	Sterna/Arctic Tern	genus/species
3_12	db/日本野鳥大鑑3/12 ベニアジサシ.wav	3	12 ベニアジサシ	ベニアジサシ	Q321293	Roseate Tern	ベニアジサシ	Q76366/Q321293	Sterna/ベニアジサシ	Sterna/Roseate Tern	genus/species
3_13	db/日本野鳥大鑑3/13 エリグロアジサシ.wav	3	13 エリグロアジサシ	エリグロアジサシ	Q28505	Black-naped Tern	エリグロアジサシ	Q76366/Q28505	Sterna/エリグロアジサシ	Sterna/Black-naped Tern	genus/species
3_14	db/日本野鳥大鑑3/14 セグロアジサシ.wav	3	14 セグロアジサシ	セグロアジサシ	Q28482	Sooty Tern	セグロアジサシ	Q27589/Q1088377/Q28482	カモメ科/Onychoprion/セグロアジサシ	Laridae/Onychoprion/Sooty Tern	family/genus/species
3_15	db/日本野鳥大鑑3/15 コアジサシ.wav	3	15 コアジサシ	コアジサシ	Q12267692	Little Tern	コアジサシ	Q76408/Q12267692	Sternula/コアジサシ	Sternula/Little Tern	genus/species
3_16	db/日本野鳥大鑑3/16 クロアジサシ.wav	3	16 クロアジサシ	クロアジサシ	Q525717	Brown Noddy	クロアジサシ	Q864492/Q27589/Q513741/Q525717	カモメ上科 (Sibley)/カモメ科/Anous/クロアジサシ	Lari/Laridae/Anous/Brown Noddy	suborder/family/genus/species
3_17	db/日本野鳥大鑑3/17 ヒメクロアジサシ.wav	3	17 ヒメクロアジサシ	ヒメクロアジサシ	Q1273772	Black Noddy	ヒメクロアジサシ	Q513741/Q1273772	Anous/ヒメクロアジサシ	Anous/Black Noddy	genus/species
3_18	db/日本野鳥大鑑3/18 シロアジサシ.wav	3	18 シロアジサシ	シロアジサシ	Q248740	White Tern	シロアジサシ	Q27589/Q1029511/Q248740	カモメ科/Gygis/シロアジサシ	Laridae/Gygis/White Tern	family/genus/species
3_19	db/日本野鳥大鑑3/19 ウミガラス.wav	3	19 ウミガラス	ウミガラス	Q21062	Common Murre	ウミガラス	Q838599/Q21062	ウミガラス属/ウミガラス	Uria/Common Murre	genus/species
3_21	db/日本野鳥大鑑3/21 ケイマフリ.wav	3	21 ケイマフリ	ケイマフリ	Q917150	Spectacled Guillemot	ケイマフリ	Q7129481/Q28294/Q132913/Q917150	Pan-Alcidae/ウミスズメ科/Cepphus/ケイマフリ	Pan-Alcidae/Alcidae/Cepphus/Spectacled Guillemot	family/genus/species
3_22	db/日本野鳥大鑑3/22 カンムリウミスズメ.wav	3	22 カンムリウミスズメ	カンムリウミスズメ	Q495515	Japanese Murrelet	カンムリウミスズメ	Q7129481/Q28294/Q287293/Q495515	Pan-Alcidae/ウミスズメ科/ウミスズメ属/カンムリウミスズメ	Pan-Alcidae/Alcidae/Synthliboramphus/Japanese Murrelet	family/genus/species
3_23	db/日本野鳥大鑑3/23 コウミスズメ.wav	3	23 コウミスズメ	コウミスズメ	Q244035	Least Auklet	コウミスズメ	Q292956/Q244035	Aethia/コウミスズメ	Aethia/Least Auklet	genus/species
3_24	db/日本野鳥大鑑3/24 ウトウ.wav	3	24 ウトウ	ウトウ	Q903229	Rhinoceros Auklet	ウトウ	Q7129481/Q28294/Q10745190/Q903229	Pan-Alcidae/ウミスズメ科/Cerorhinca/ウトウ	Pan-Alcidae/Alcidae/Cerorhinca/Rhinoceros Auklet	family/genus/species
3_25	db/日本野鳥大鑑3/25 カラスバト.wav	3	25 カラスバト	カラスバト	Q495139	Japanese Wood Pigeon	カラスバト	Q28078/Q10856/Q209239/Q495139	ハト目/ハト科/カワラバト属/カラスバト	Columbiformes/Columbidae/Columba/Japanese Wood Pigeon	order/family/genus/species
3_26	db/日本野鳥大鑑3/26 シラコバト.wav	3	26 シラコバト	シラコバト	Q54696	Eurasian Collared Dove	シラコバト	Q28078/Q10856/Q135447/Q30944/Q54696	ハト目/ハト科/Columbinae/Streptopelia/シラコバト	Columbiformes/Columbidae/Columbinae/Streptopelia/Eurasian Collared Dove	order/family/subfamily/genus/species
3_27	db/日本野鳥大鑑3/27 キジバト.wav	3	27 キジバト	キジバト	Q704987	Oriental Turtle Dove	キジバト	Q28078/Q10856/Q135447/Q30944/Q704987	ハト目/ハト科/Columbinae/Streptopelia/キジバト	Columbiformes/Columbidae/Columbinae/Streptopelia/Oriental Turtle Dove	order/family/subfamily/genus/species
3_28	db/日本野鳥大鑑3/28 キンバト.wav	3	28 キンバト	キンバト	Q795565	Emerald Dove	キンバト	Q28078/Q10856/Q1463407/Q795565	ハト目/ハト科/Chalcophaps/キンバト	Columbiformes/Columbidae/Chalcophaps/Emerald Dove	order/family/genus/species
3_29	db/日本野鳥大鑑3/29 アオバト.wav	3	29 アオバト	アオバト	Q997448	White-bellied Green Pigeon	アオバト	Q28078/Q10856/Q431179/Q997448	ハト目/ハト科/アオバト属/アオバト	Columbiformes/Columbidae/Treron/White-bellied Green Pigeon	order/family/genus/species
3_30	db/日本野鳥大鑑3/30 ズアカアオバト.wav	3	30 ズアカアオバト	ズアカアオバト	Q691005	Whistling Green Pigeon	ズアカアオバト	Q28078/Q10856/Q431179/Q691005	ハト目/ハト科/アオバト属/ズアカアオバト	Columbiformes/Columbidae/Treron/Whistling Green Pigeon	order/family/genus/species
3_31	db/日本野鳥大鑑3/31 ジュウイチ.wav	3	31 ジュウイチ	ジュウイチ	Q2998692	Northern Hawk Cuckoo	ジュウイチ	Q26381/Q2511641/Q2998692	カッコウ科/Hierococcyx/ジュウイチ	Cuculidae/Hierococcyx/Northern Hawk Cuckoo	family/genus/species
3_32	db/日本野鳥大鑑3/32 セグロカッコウ.wav	3	32 セグロカッコウ	セグロカッコウ	Q877666	Indian Cuckoo	セグロカッコウ	Q19598306/Q183364/Q26381/Q746658/Q877666	Otidimorphae/カッコウ目/カッコウ科/カッコウ属/セグロカッコウ	Otidimorphae/Cuculiformes/Cuculidae/Cuculus/Indian Cuckoo	order/family/genus/species
3_33	db/日本野鳥大鑑3/33 カッコウ.wav	3	33 カッコウ	カッコウ	Q18845	Common Cuckoo	カッコウ	Q746658/Q18845	カッコウ属/カッコウ	Cuculus/Common Cuckoo	genus/species
3_34	db/日本野鳥大鑑3/34 ツツドリ.wav	3	34 ツツドリ	ツツドリ	Q1266506	Oriental Cuckoo	ツツドリ	Q746658/Q1266506	カッコウ属/ツツドリ	Cuculus/Oriental Cuckoo	genus/species
3_35	db/日本野鳥大鑑3/35 ホトトギス.wav	3	35 ホトトギス	ホトトギス	Q495144	Lesser Cuckoo	ホトトギス	Q746658/Q495144	カッコウ属/ホトトギス	Cuculus/Lesser Cuckoo	genus/species
3_36	db/日本野鳥大鑑3/36 ワシミミズク.wav	3	36 ワシミミズク	ワシミミズク	Q130933	Eurasian Eagle-owl	ワシミミズク	Q26012/Q214293/Q130933	フクロウ科/ワシミミズク属/ワシミミズク	Strigidae/Bubo/Eurasian Eagle-owl	family/genus/species
3_37	db/日本野鳥大鑑3/37 シマフクロウ.wav	3	37 シマフクロウ	シマフクロウ	Q1137288	Blakiston`s Eagle Owl	シマフクロウ	Q26012/Q214293/Q1137288	フクロウ科/ワシミミズク属/シマフクロウ	Strigidae/Bubo/Blakiston`s Eagle Owl	family/genus/species
3_38	db/日本野鳥大鑑3/38 トラフズク.wav	3	38 トラフズク	トラフズク	Q25384	Long-eared Owl	トラフズク	Q5881279/Q25222/Q26012/Q648422/Q25384	Strigimorphae/フクロウ目/フクロウ科/トラフズク属/トラフズク	Strigimorphae/Strigiformes/Strigidae/Asio/Long-eared Owl	superorder/order/family/genus/species
3_39	db/日本野鳥大鑑3/39 コミミズク.wav	3	39 コミミズク	コミミズク	Q25769	Short-eared Owl	コミミズク	Q5881279/Q25222/Q26012/Q648422/Q25769	Strigimorphae/フクロウ目/フクロウ科/トラフズク属/コミミズク	Strigimorphae/Strigiformes/Strigidae/Asio/Short-eared Owl	superorder/order/family/genus/species
3_40	db/日本野鳥大鑑3/40 コノハズク.wav	3	40 コノハズク	コノハズク	Q171563	Eurasian Scops Owl	コノハズク	Q5881279/Q25222/Q26012/Q832329/Q171563	Strigimorphae/フクロウ目/フクロウ科/コノハズク属/コノハズク	Strigimorphae/Strigiformes/Strigidae/Otus/Eurasian Scops Owl	superorder/order/family/genus/species
3_41	db/日本野鳥大鑑3/41 リュウキュウコノハズク.wav	3	41 リュウキュウコノハズク	リュウキュウコノハズク	Q716317	Elegant Scops Owl	リュウキュウコノハズク	Q5881279/Q25222/Q26012/Q832329/Q716317	Strigimorphae/フクロウ目/フクロウ科/コノハズク属/リュウキュウコノハズク	Strigimorphae/Strigiformes/Strigidae/Otus/Elegant Scops Owl	superorder/order/family/genus/species
3_43	db/日本野鳥大鑑3/43 オオコノハズク.wav	3	43 オオコノハズク	オオコノハズク	Q1272534	Janpanese Scops Owl	オオコノハズク	Q5881279/Q25222/Q26012/Q832329/Q1272534	Strigimorphae/フクロウ目/フクロウ科/コノハズク属/オオコノハズク	Strigimorphae/Strigiformes/Strigidae/Otus/Janpanese Scops Owl	superorder/order/family/genus/species
3_45	db/日本野鳥大鑑3/45 アオバズク.wav	3	45 アオバズク	アオバズク	Q1267748	Northern Boobok	アオバズク	Q5881279/Q25222/Q26012/Q913555/Q1267748	Strigimorphae/フクロウ目/フクロウ科/アオハズク属/アオバズク	Strigimorphae/Strigiformes/Strigidae/Ninox/Northern Boobok	superorder/order/family/genus/species
3_46	db/日本野鳥大鑑3/46 フクロウ.wav	3	46 フクロウ	フクロウ	Q190083	Ural Owl	フクロウ	Q26012/Q241515/Q190083	フクロウ科/Strix/フクロウ	Strigidae/Strix/Ural Owl	family/genus/species
3_47	db/日本野鳥大鑑3/47 ミナミメンフクロウ.wav	3	47 ミナミメンフクロウ	ミナミメンフクロウ	Q385076	African Grass Owl	ミナミメンフクロウ	Q5881279/Q25222/Q27112/Q375716/Q385076	Strigimorphae/フクロウ目/メンフクロウ科/Tyto/ミナミメンフクロウ	Strigimorphae/Strigiformes/Tytonidae/Tyto/African Grass Owl	superorder/order/family/genus/species
3_48	db/日本野鳥大鑑3/48 ヨタカ.wav	3	48 ヨタカ	ヨタカ	Q1440261	Grey Nightjar	ヨタカ	Q198823/Q1440261	Caprimulgus/ヨタカ	Caprimulgus/Grey Nightjar	genus/species
3_49	db/日本野鳥大鑑3/49 ハリオアマツバメ.wav	3	49 ハリオアマツバメ	ハリオアマツバメ	Q31769	White-throated Needletail	ハリオアマツバメ	Q26617/Q11725806/Q135898/Q31769	アマツバメ科/Apodinae/Hirundapus/ハリオアマツバメ	Apodidae/Apodinae/Hirundapus/White-throated Needletail	family/subfamily/genus/species
3_50	db/日本野鳥大鑑3/50 ヒメアマツバメ.wav	3	50 ヒメアマツバメ	ヒメアマツバメ	Q31713	House Swift	ヒメアマツバメ	Q5198624/Q25950/Q26617/Q310465/Q31713	Cypselomorphae/アマツバメ目/アマツバメ科/Apus/ヒメアマツバメ	Cypselomorphae/Apodiformes/Apodidae/Apus/House Swift	order/family/genus/species
3_51	db/日本野鳥大鑑3/51 アマツバメ.wav	3	51 アマツバメ	アマツバメ	Q31866	Fork-tailed Swift	アマツバメ	Q5198624/Q25950/Q26617/Q310465/Q31866	Cypselomorphae/アマツバメ目/アマツバメ科/Apus/アマツバメ	Cypselomorphae/Apodiformes/Apodidae/Apus/Fork-tailed Swift	order/family/genus/species
3_52	db/日本野鳥大鑑3/52 ヤマセミ.wav	3	52 ヤマセミ	ヤマセミ	Q371843	Crested Kingfisher	ヤマセミ	Q19596468/Q19596314/Q19598622/Q484131/Q45018/Q8154335/Q1196087/Q1089134/Q371843	Coraciimorphae/Cavitaves/Picocoraciae/ブッポウソウ目/カワセミ亜目/カワセミ科/ヤマセミ科 (Sibley)/Megaceryle/ヤマセミ	Coraciimorphae/Cavitaves/Picocoraciae/Coraciiformes/Alcedines/Alcedinidae/Water kingfisher/Megaceryle/Crested Kingfisher	superorder/order/suborder/family/subfamily/genus/species
3_53	db/日本野鳥大鑑3/53 ヤマショウビン.wav	3	53 ヤマショウビン	ヤマショウビン	Q1049056	Black-capped Kingfisher	ヤマショウビン	Q371767/Q1049056	Halcyon/ヤマショウビン	Halcyon/Black-capped Kingfisher	genus/species
3_54	db/日本野鳥大鑑3/54 アカショウビン.wav	3	54 アカショウビン	アカショウビン	Q1110083	Ruddy Kingfisher	アカショウビン	Q371767/Q1110083	Halcyon/アカショウビン	Halcyon/Ruddy Kingfisher	genus/species
3_56	db/日本野鳥大鑑3/56 ナンヨウショウビン.wav	3	56 ナンヨウショウビン	ナンヨウショウビン	Q31898	Collared Kingfisher	ナンヨウショウビン	Q608715/Q31898	Todiramphus/ナンヨウショウビン	Todiramphus/Collared Kingfisher	genus/species
3_57	db/日本野鳥大鑑3/57 カワセミ.wav	3	57 カワセミ	カワセミ	Q79915	Common Kingfisher	カワセミ	Q19596468/Q19596314/Q19598622/Q484131/Q45018/Q8154335/Q583551/Q79915	Coraciimorphae/Cavitaves/Picocoraciae/ブッポウソウ目/カワセミ亜目/カワセミ科/カワセミ属/カワセミ	Coraciimorphae/Cavitaves/Picocoraciae/Coraciiformes/Alcedines/Alcedinidae/Alcedo/Common Kingfisher	superorder/order/suborder/family/genus/species
3_58	db/日本野鳥大鑑3/58 アオショウビン.wav	3	58 アオショウビン	アオショウビン	Q735158	White-throated Kingfisher	アオショウビン	Q19596468/Q19596314/Q19598622/Q484131/Q45018/Q8154335/Q1607847/Q371767/Q735158	Coraciimorphae/Cavitaves/Picocoraciae/ブッポウソウ目/カワセミ亜目/カワセミ科/ショウビン亜科/Halcyon/アオショウビン	Coraciimorphae/Cavitaves/Picocoraciae/Coraciiformes/Alcedines/Alcedinidae/tree kingfisher/Halcyon/White-throated Kingfisher	superorder/order/suborder/family/subfamily/genus/species
3_59	db/日本野鳥大鑑3/59 ブッポウソウ.wav	3	59 ブッポウソウ	ブッポウソウ	Q44109	Oriental Dollarbird	ブッポウソウ	Q19596468/Q19596314/Q19598622/Q484131/Q44245/Q992943/Q44109	Coraciimorphae/Cavitaves/Picocoraciae/ブッポウソウ目/ブッポウソウ科/Eurystomus/ブッポウソウ	Coraciimorphae/Cavitaves/Picocoraciae/Coraciiformes/Coraciidae/Eurystomus/Oriental Dollarbird	superorder/order/family/genus/species
3_60	db/日本野鳥大鑑3/60 ヤツガシラ.wav	3	60 ヤツガシラ	ヤツガシラ	Q25247	Eurasian Hoopoe	ヤツガシラ	Q5113/Q20740/Q20977/Q4006276/Q25247	Q5113/サイチョウ目/ヤツガシラ科/Upupa/ヤツガシラ	Bucerotiformes/Upupidae/Upupa/Eurasian Hoopoe	Unknown/order/family/genus/species
3_61	db/日本野鳥大鑑3/61 アリスイ.wav	3	61 アリスイ	アリスイ	Q25678	Eurasian Wryneck	アリスイ	Q25439/Q21446737/Q31818/Q25678	キツツキ科/Jynginae/Jynx/アリスイ	Picidae/Jynginae/Jynx/Eurasian Wryneck	family/subfamily/genus/species
3_62	db/日本野鳥大鑑3/62 アオゲラ.wav	3	62 アオゲラ	アオゲラ	Q195518	Japanese Green Woodpecker	アオゲラ	Q5113/Q19168/Q2330918/Q11965316/Q25934/Q25439/Q561145/Q310935/Q195518	Q5113/新顎類/Neoaves/Dendrornithes/キツツキ目/キツツキ科/Picinae/アオゲラ属/アオゲラ	Neognathae/Neoaves/Dendrornithes/Piciformes/Picidae/Picinae/Picus/Japanese Green Woodpecker	Unknown/subclass/superorder/order/family/subfamily/genus/species
3_63	db/日本野鳥大鑑3/63 ヤマゲラ.wav	3	63 ヤマゲラ	ヤマゲラ	Q201106	Grey-headed Woodpecker	ヤマゲラ	Q5113/Q19168/Q2330918/Q11965316/Q25934/Q25439/Q561145/Q310935/Q201106	Q5113/新顎類/Neoaves/Dendrornithes/キツツキ目/キツツキ科/Picinae/アオゲラ属/ヤマゲラ	Neognathae/Neoaves/Dendrornithes/Piciformes/Picidae/Picinae/Picus/Grey-headed Woodpecker	Unknown/subclass/superorder/order/family/subfamily/genus/species
3_64	db/日本野鳥大鑑3/64 ノグチゲラ.wav	3	64 ノグチゲラ	ノグチゲラ	Q21948535	Dendrocopos noguchii	ノグチゲラ	Q5113/Q19168/Q2330918/Q11965316/Q25934/Q25439/Q561145/Q723059/Q21948535	Q5113/新顎類/Neoaves/Dendrornithes/キツツキ目/キツツキ科/Picinae/Dendrocopos/ノグチゲラ	Neognathae/Neoaves/Dendrornithes/Piciformes/Picidae/Picinae/Dendrocopos/Dendrocopos noguchii	Unknown/subclass/superorder/order/family/subfamily/genus/species
3_65	db/日本野鳥大鑑3/65 クマゲラ.wav	3	65 クマゲラ	クマゲラ	Q143284	Black Woodpecker	クマゲラ	Q5113/Q19168/Q2330918/Q11965316/Q25934/Q25439/Q561145/Q132916/Q143284	Q5113/新顎類/Neoaves/Dendrornithes/キツツキ目/キツツキ科/Picinae/クマゲラ属/クマゲラ	Neognathae/Neoaves/Dendrornithes/Piciformes/Picidae/Picinae/Dryocopus/Black Woodpecker	Unknown/subclass/superorder/order/family/subfamily/genus/species
3_66	db/日本野鳥大鑑3/66 アカゲラ.wav	3	66 アカゲラ	アカゲラ	Q26209	Great Spotted Woodpecker	アカゲラ	Q5113/Q19168/Q2330918/Q11965316/Q25934/Q25439/Q561145/Q723059/Q26209	Q5113/新顎類/Neoaves/Dendrornithes/キツツキ目/キツツキ科/Picinae/Dendrocopos/アカゲラ	Neognathae/Neoaves/Dendrornithes/Piciformes/Picidae/Picinae/Dendrocopos/Great Spotted Woodpecker	Unknown/subclass/superorder/order/family/subfamily/genus/species
3_67	db/日本野鳥大鑑3/67 オオアカゲラ.wav	3	67 オオアカゲラ	オオアカゲラ	Q207290	White-backed Woodpecker	オオアカゲラ	Q5113/Q19168/Q2330918/Q11965316/Q25934/Q25439/Q561145/Q723059/Q207290	Q5113/新顎類/Neoaves/Dendrornithes/キツツキ目/キツツキ科/Picinae/Dendrocopos/オオアカゲラ	Neognathae/Neoaves/Dendrornithes/Piciformes/Picidae/Picinae/Dendrocopos/White-backed Woodpecker	Unknown/subclass/superorder/order/family/subfamily/genus/species
3_69	db/日本野鳥大鑑3/69 コアカゲラ.wav	3	69 コアカゲラ	コアカゲラ	Q184518	Lesser Spotted Woodpecker	コアカゲラ	Q25439/Q12814087/Q184518	キツツキ科/Dryobates/コアカゲラ	Picidae/Dryobates/Lesser Spotted Woodpecker	family/genus/species
3_70	db/日本野鳥大鑑3/70 コゲラ.wav	3	70 コゲラ	コゲラ	Q27074882	Yungipicus kizuki	コゲラ	Q5113/Q19168/Q2330918/Q11965316/Q25934/Q25439/Q561145/Q21596781/Q1466322/Q27074882	Q5113/新顎類/Neoaves/Dendrornithes/キツツキ目/キツツキ科/Picinae/Dendropicini/Yungipicus/コゲラ	Neognathae/Neoaves/Dendrornithes/Piciformes/Picidae/Picinae/Dendropicini/Yungipicus/Yungipicus kizuki	Unknown/subclass/superorder/order/family/subfamily/tribe/genus/species
4_01	db/日本野鳥大鑑4/01 ヤイロチョウ.wav	4	01 ヤイロチョウ	ヤイロチョウ	Q494888	Fairy Pitta	ヤイロチョウ	Q20645445/Q14635103/Q326483/Q5856078/Q25341/Q768526/Q217472/Q3389415/Q494888	Telluraves/Australaves/Eufalconimorphae/Psittacopasserae/スズメ目/タイランチョウ亜目/ヤイロチョウ科/Pitta/ヤイロチョウ	Telluraves/Australaves/Eufalconimorphae/Psittacopasserae/Passeriformes/Tyranni/Pittidae/Pitta/Fairy Pitta	order/suborder/family/genus/species
4_02	db/日本野鳥大鑑4/02 ヒバリ.wav	4	02 ヒバリ	ヒバリ	Q25961	Eurasian Skylark	ヒバリ	Q25341/Q194240/Q29858/Q378278/Q25961	スズメ目/スズメ亜目/ヒバリ科/ヒバリ属/ヒバリ	Passeriformes/Passeri/Lark/Alauda/Eurasian Skylark	order/suborder/family/genus/species
4_03	db/日本野鳥大鑑4/03 ショウドウツバメ.wav	4	03 ショウドウツバメ	ショウドウツバメ	Q25909	Riparia riparia	ショウドウツバメ	Q20645445/Q14635103/Q326483/Q5856078/Q25341/Q39861/Q901041/Q25909	Telluraves/Australaves/Eufalconimorphae/Psittacopasserae/スズメ目/ツバメ科/Riparia/ショウドウツバメ	Telluraves/Australaves/Eufalconimorphae/Psittacopasserae/Passeriformes/Hirundinidae/Riparia/Riparia riparia	order/family/genus/species
4_04	db/日本野鳥大鑑4/04 ツバメ.wav	4	04 ツバメ	ツバメ	Q25429	Barn Swallow	ツバメ	Q39861/Q28135/Q25429	ツバメ科/Hirundo/ツバメ	Hirundinidae/Hirundo/Barn Swallow	family/genus/species
4_05	db/日本野鳥大鑑4/05 リュウキュウツバメ.wav	4	05 リュウキュウツバメ	リュウキュウツバメ	Q767050	Pacific Swallow	リュウキュウツバメ	Q39861/Q28135/Q767050	ツバメ科/Hirundo/リュウキュウツバメ	Hirundinidae/Hirundo/Pacific Swallow	family/genus/species
4_06	db/日本野鳥大鑑4/06 コシアカツバメ.wav	4	06 コシアカツバメ	コシアカツバメ	Q27075446	Red-rumped Swallow	コシアカツバメ	Q39861/Q248398/Q27075446	ツバメ科/Cecropis/コシアカツバメ	Hirundinidae/Cecropis/Red-rumped Swallow	family/genus/species
4_07	db/日本野鳥大鑑4/07 イワツバメ.wav	4	07 イワツバメ	イワツバメ	Q728235	Asian House Martin	イワツバメ	Q39861/Q310857/Q728235	ツバメ科/Delichon/イワツバメ	Hirundinidae/Delichon/Asian House Martin	family/genus/species
4_08	db/日本野鳥大鑑4/08 イワミセキレイ.wav	4	08 イワミセキレイ	イワミセキレイ	Q266107	Forest Wagtail	イワミセキレイ	Q205943/Q10754417/Q266107	セキレイ科/Dendronanthus/イワミセキレイ	Motacillidae/Dendronanthus/Forest Wagtail	family/genus/species
4_09	db/日本野鳥大鑑4/09 ツメナガセキレイ.wav	4	09 ツメナガセキレイ	ツメナガセキレイ	Q25984	Western Yellow Wagtail	ツメナガセキレイ	Q25341/Q194240/Q764420/Q749521/Q205943/Q230042/Q25984	スズメ目/スズメ亜目/スズメ小目/スズメ上科/セキレイ科/セキレイ/ツメナガセキレイ	Passeriformes/Passeri/Passerida/Passeroidea/Motacillidae/Motacilla/Western Yellow Wagtail	order/suborder/parvorder /superfamily/family/genus/species
4_10	db/日本野鳥大鑑4/10 キセキレイ.wav	4	10 キセキレイ	キセキレイ	Q201316	Grey Wagtail	キセキレイ	Q25341/Q194240/Q764420/Q749521/Q205943/Q230042/Q201316	スズメ目/スズメ亜目/スズメ小目/スズメ上科/セキレイ科/セキレイ/キセキレイ	Passeriformes/Passeri/Passerida/Passeroidea/Motacillidae/Motacilla/Grey Wagtail	order/suborder/parvorder /superfamily/family/genus/species
4_11	db/日本野鳥大鑑4/11 ハクセキレイ.wav	4	11 ハクセキレイ	ハクセキレイ	Q2897097	Motacilla alba lugens	ハクセキレイ	Q25399/Q2897097	タイリクハクセキレイ/ハクセキレイ	White Wagtail/Motacilla alba lugens	species/subspecies
4_13	db/日本野鳥大鑑4/13 セグロセキレイ.wav	4	13 セグロセキレイ	セグロセキレイ	Q1071547	Japanese Wagtail	セグロセキレイ	Q25341/Q194240/Q764420/Q749521/Q205943/Q230042/Q1071547	スズメ目/スズメ亜目/スズメ小目/スズメ上科/セキレイ科/セキレイ/セグロセキレイ	Passeriformes/Passeri/Passerida/Passeroidea/Motacillidae/Motacilla/Japanese Wagtail	order/suborder/parvorder /superfamily/family/genus/species
4_14	db/日本野鳥大鑑4/14 ビンズイ.wav	4	14 ビンズイ	ビンズイ	Q726873	Olive-backed Pipit	ビンズイ	Q205943/Q193807/Q726873	セキレイ科/ピピット/ビンズイ	Motacillidae/Anthus/Olive-backed Pipit	family/genus/species
4_15	db/日本野鳥大鑑4/15 タヒバリ.wav	4	15 タヒバリ	タヒバリ	Q208707	Water Pipit	タヒバリ	Q205943/Q193807/Q208707	セキレイ科/ピピット/タヒバリ	Motacillidae/Anthus/Water Pipit	family/genus/species
4_16	db/日本野鳥大鑑4/16 サンショウクイ.wav	4	16 サンショウクイ	サンショウクイ	Q1590357	Ashy Minivet	サンショウクイ	Q20645445/Q14635103/Q326483/Q5856078/Q25341/Q732881/Q1082724/Q1590357	Telluraves/Australaves/Eufalconimorphae/Psittacopasserae/スズメ目/サンショウクイ科/Minivet/サンショウクイ	Telluraves/Australaves/Eufalconimorphae/Psittacopasserae/Passeriformes/Campephagidae/Minivet/Ashy Minivet	order/family/genus/species
4_17	db/日本野鳥大鑑4/17 リュウキュウサンショウクイ.wav	4	17 リュウキュウサンショウクイ	リュウキュウサンショウクイ	Q3233109	Ryukyu Minivet	リュウキュウサンショウクイ	Q20645445/Q14635103/Q326483/Q5856078/Q25341/Q732881/Q1082724/Q3233109	Telluraves/Australaves/Eufalconimorphae/Psittacopasserae/スズメ目/サンショウクイ科/Minivet/リュウキュウサンショウクイ	Telluraves/Australaves/Eufalconimorphae/Psittacopasserae/Passeriformes/Campephagidae/Minivet/Ryukyu Minivet	order/family/genus/species
4_18	db/日本野鳥大鑑4/18 ヒヨドリ.wav	4	18 ヒヨドリ	ヒヨドリ	Q10770477	Brown-eared Bulbul	ヒヨドリ	Q194240/Q188854/Q749428/Q10770477	スズメ亜目/ヒヨドリ科/ヒヨドリ属/ヒヨドリ	Passeri/Pycnonotidae/Hypsipetes/Brown-eared Bulbul	suborder/family/genus/species
4_22	db/日本野鳥大鑑4/22 シロガシラ.wav	4	22 シロガシラ	シロガシラ	Q1061015	Light-vented Bulbul	シロガシラ	Q194240/Q188854/Q940685/Q1061015	スズメ亜目/ヒヨドリ科/Pycnonotus/シロガシラ	Passeri/Pycnonotidae/Pycnonotus/Light-vented Bulbul	suborder/family/genus/species
4_23	db/日本野鳥大鑑4/23 チゴモズ.wav	4	23 チゴモズ	チゴモズ	Q601672	Tiger Shrike	チゴモズ	Q25341/Q171052/Q754657/Q601672	スズメ目/モズ科/モズ属/チゴモズ	Passeriformes/Laniidae/Lanius/Tiger Shrike	order/family/genus/species
4_24	db/日本野鳥大鑑4/24 モズ.wav	4	24 モズ	モズ	Q804145	Bull-headed Shrike	モズ	Q25341/Q171052/Q754657/Q804145	スズメ目/モズ科/モズ属/モズ	Passeriformes/Laniidae/Lanius/Bull-headed Shrike	order/family/genus/species
4_25	db/日本野鳥大鑑4/25 アカモズ.wav	4	25 アカモズ	アカモズ	Q790616	Brown Shrike	アカモズ	Q25341/Q171052/Q754657/Q790616	スズメ目/モズ科/モズ属/アカモズ	Passeriformes/Laniidae/Lanius/Brown Shrike	order/family/genus/species
4_27	db/日本野鳥大鑑4/27 キレンジャク.wav	4	27 キレンジャク	キレンジャク	Q26135	Bohemian Waxwing	キレンジャク	Q25341/Q11897625/Q208940/Q26135	スズメ目/レンジャク科/レンジャク科/キレンジャク	Passeriformes/Bombycillidae/Bombycilla/Bohemian Waxwing	order/family/genus/species
4_28	db/日本野鳥大鑑4/28 ヒレンジャク.wav	4	28 ヒレンジャク	ヒレンジャク	Q697413	Japanese Waxwing	ヒレンジャク	Q25341/Q11897625/Q208940/Q697413	スズメ目/レンジャク科/レンジャク科/ヒレンジャク	Passeriformes/Bombycillidae/Bombycilla/Japanese Waxwing	order/family/genus/species
4_29	db/日本野鳥大鑑4/29 カワガラス.wav	4	29 カワガラス	カワガラス	Q1034960	Brown Dipper	カワガラス	Q192575/Q1034960	カワガラス科/カワガラス	dipper/Brown Dipper	genus/species
4_30	db/日本野鳥大鑑4/30 ミソサザイ.wav	4	30 ミソサザイ	ミソサザイ	Q25740	Eurasian Wren	ミソサザイ	Q25341/Q208304/Q3888717/Q25740	スズメ目/ミソサザイ科/Troglodytes/ミソサザイ	Passeriformes/Troglodytidae/Troglodytes/Eurasian Wren	order/family/genus/species
4_32	db/日本野鳥大鑑4/32 イワヒバリ.wav	4	32 イワヒバリ	イワヒバリ	Q208334	Alpine Accentor	イワヒバリ	Q20645445/Q14635103/Q326483/Q5856078/Q25341/Q3709179/Q3924795/Q208334	Telluraves/Australaves/Eufalconimorphae/Psittacopasserae/スズメ目/イワヒバリ属/イワヒバリ属/イワヒバリ	Telluraves/Australaves/Eufalconimorphae/Psittacopasserae/Passeriformes/Prunellidae/Prunella/Alpine Accentor	order/family/genus/species
4_33	db/日本野鳥大鑑4/33 カヤクグリ.wav	4	33 カヤクグリ	カヤクグリ	Q524343	Japanese Accentor	カヤクグリ	Q20645445/Q14635103/Q326483/Q5856078/Q25341/Q3709179/Q3924795/Q524343	Telluraves/Australaves/Eufalconimorphae/Psittacopasserae/スズメ目/イワヒバリ属/イワヒバリ属/カヤクグリ	Telluraves/Australaves/Eufalconimorphae/Psittacopasserae/Passeriformes/Prunellidae/Prunella/Japanese Accentor	order/family/genus/species
4_34	db/日本野鳥大鑑4/34 コマドリ.wav	4	34 コマドリ	コマドリ	Q27075673	Japanese Robin	コマドリ	Q1193805/Q10784792/Q27075673	Saxicolinae/Larvivora/コマドリ	Saxicolinae/Larvivora/Japanese Robin	subfamily/genus/species
4_35	db/日本野鳥大鑑4/35 タネコマドリ.wav	4	35 タネコマドリ	タネコマドリ	Q27631965	Larvivora akahige tanensis	タネコマドリ	Q1193805/Q10784792/Q27075673/Q27631965	Saxicolinae/Larvivora/コマドリ/タネコマドリ	Saxicolinae/Larvivora/Japanese Robin/Larvivora akahige tanensis	subfamily/genus/species/subspecies
4_36	db/日本野鳥大鑑4/36 アカヒゲ.wav	4	36 アカヒゲ	アカヒゲ	Q27075672	Ryukyu Robin	アカヒゲ	Q1193805/Q10784792/Q27075672	Saxicolinae/Larvivora/アカヒゲ	Saxicolinae/Larvivora/Ryukyu Robin	subfamily/genus/species
4_38	db/日本野鳥大鑑4/38 シマゴマ.wav	4	38 シマゴマ	シマゴマ	Q1192214	Rufous-tailed Robin	シマゴマ	Q1193805/Q10784792/Q1192214	Saxicolinae/Larvivora/シマゴマ	Saxicolinae/Larvivora/Rufous-tailed Robin	subfamily/genus/species
4_39	db/日本野鳥大鑑4/39 ヨーロッパコマドリ.wav	4	39 ヨーロッパコマドリ	ヨーロッパコマドリ	Q25334	European Robin	ヨーロッパコマドリ	Q855800/Q25334	Erithacus/ヨーロッパコマドリ	Erithacus/European Robin	genus/species
4_40	db/日本野鳥大鑑4/40 ノゴマ.wav	4	40 ノゴマ	ノゴマ	Q27075678	Siberian Rubythroat	ノゴマ	Q16069825/Q27075678	Calliope/ノゴマ	Calliope/Siberian Rubythroat	genus/species
4_41	db/日本野鳥大鑑4/41 オガワコマドリ.wav	4	41 オガワコマドリ	オガワコマドリ	Q26578	Bluethroat	オガワコマドリ	Q328982/Q26578	Luscinia/オガワコマドリ	Luscinia/Bluethroat	genus/species
4_42	db/日本野鳥大鑑4/42 コルリ.wav	4	42 コルリ	コルリ	Q27075670	Siberian Blue Robin	コルリ	Q1193805/Q10784792/Q27075670	Saxicolinae/Larvivora/コルリ	Saxicolinae/Larvivora/Siberian Blue Robin	subfamily/genus/species
4_43	db/日本野鳥大鑑4/43 ルリビタキ.wav	4	43 ルリビタキ	ルリビタキ	Q129219	Red-flanked Bush Robin	ルリビタキ	Q968266/Q129219	Tarsiger/ルリビタキ	Tarsiger/Red-flanked Bush Robin	genus/species
4_44	db/日本野鳥大鑑4/44 ジョウビタキ.wav	4	44 ジョウビタキ	ジョウビタキ	Q616456	Daurian Redstart	ジョウビタキ	Q25341/Q194240/Q764420/Q1179990/Q200989/Q240088/Q616456	スズメ目/スズメ亜目/スズメ小目/ヒタキ上科/ヒタキ科/ジョウビタキ属/ジョウビタキ	Passeriformes/Passeri/Passerida/Muscicapoidea/Muscicapidae/Phoenicurus/Daurian Redstart	order/suborder/parvorder /superfamily/family/genus/species
4_45	db/日本野鳥大鑑4/45 シロビタイジョウビタキ.wav	4	45 シロビタイジョウビタキ	シロビタイジョウビタキ	Q26620	Common Redstart	シロビタイジョウビタキ	Q25341/Q194240/Q764420/Q1179990/Q200989/Q240088/Q26620	スズメ目/スズメ亜目/スズメ小目/ヒタキ上科/ヒタキ科/ジョウビタキ属/シロビタイジョウビタキ	Passeriformes/Passeri/Passerida/Muscicapoidea/Muscicapidae/Phoenicurus/Common Redstart	order/suborder/parvorder /superfamily/family/genus/species
4_46	db/日本野鳥大鑑4/46 ノビタキ.wav	4	46 ノビタキ	ノビタキ	Q6739527	Stejneger's Stonechat	ノビタキ	Q906092/Q6739527	Saxicola/ノビタキ	Saxicola/Stejneger's Stonechat	genus/species
4_47	db/日本野鳥大鑑4/47 ハシグロヒタキ.wav	4	47 ハシグロヒタキ	ハシグロヒタキ	Q26420	Northern Wheatear	ハシグロヒタキ	Q28915/Q26420	Oenanthe/ハシグロヒタキ	Oenanthe/Northern Wheatear	genus/species
4_48	db/日本野鳥大鑑4/48 イソヒヨドリ.wav	4	48 イソヒヨドリ	イソヒヨドリ	Q152144	Blue Rock Thrush	イソヒヨドリ	Q1050525/Q152144	Monticola/イソヒヨドリ	Monticola/Blue Rock Thrush	genus/species
4_49	db/日本野鳥大鑑4/49 トラツグミ.wav	4	49 トラツグミ	トラツグミ	Q949662	White's Thrush	トラツグミ	Q25341/Q194240/Q764420/Q1179990/Q26050/Q842978/Q949662	スズメ目/スズメ亜目/スズメ小目/ヒタキ上科/ツグミ科/Zoothera/トラツグミ	Passeriformes/Passeri/Passerida/Muscicapoidea/thrush/Zoothera/White's Thrush	order/suborder/parvorder /superfamily/family/genus/species
4_50	db/日本野鳥大鑑4/50 オオトラツグミ.wav	4	50 オオトラツグミ	オオトラツグミ	Q3066642	Amami Thrush	オオトラツグミ	Q842978/Q3066642	Zoothera/オオトラツグミ	Zoothera/Amami Thrush	genus/species
4_51	db/日本野鳥大鑑4/51 マミジロ.wav	4	51 マミジロ	マミジロ	Q258964	Siberian Thrush	マミジロ	Q26030/Q258964	Geokichla/マミジロ	Geokichla/Siberian Thrush	genus/species
4_52	db/日本野鳥大鑑4/52 クロツグミ.wav	4	52 クロツグミ	クロツグミ	Q2720710	Janpanese Thrush	クロツグミ	Q25341/Q194240/Q764420/Q1179990/Q26050/Q115661/Q2720710	スズメ目/スズメ亜目/スズメ小目/ヒタキ上科/ツグミ科/ツグミ属/クロツグミ	Passeriformes/Passeri/Passerida/Muscicapoidea/thrush/Turdus/Janpanese Thrush	order/suborder/parvorder /superfamily/family/genus/species
4_53	db/日本野鳥大鑑4/53 クロウタドリ.wav	4	53 クロウタドリ	クロウタドリ	Q25234	Common Blackbird	クロウタドリ	Q25341/Q194240/Q764420/Q1179990/Q26050/Q115661/Q25234	スズメ目/スズメ亜目/スズメ小目/ヒタキ上科/ツグミ科/ツグミ属/クロウタドリ	Passeriformes/Passeri/Passerida/Muscicapoidea/thrush/Turdus/Common Blackbird	order/suborder/parvorder /superfamily/family/genus/species
4_54	db/日本野鳥大鑑4/54 アカハラ.wav	4	54 アカハラ	アカハラ	Q1589003	Brown-headed Thrush	アカハラ	Q25341/Q194240/Q764420/Q1179990/Q26050/Q115661/Q1589003	スズメ目/スズメ亜目/スズメ小目/ヒタキ上科/ツグミ科/ツグミ属/アカハラ	Passeriformes/Passeri/Passerida/Muscicapoidea/thrush/Turdus/Brown-headed Thrush	order/suborder/parvorder /superfamily/family/genus/species
4_55	db/日本野鳥大鑑4/55 アカコッコ.wav	4	55 アカコッコ	アカコッコ	Q2587219	Izu Thrush	アカコッコ	Q25341/Q194240/Q764420/Q1179990/Q26050/Q115661/Q2587219	スズメ目/スズメ亜目/スズメ小目/ヒタキ上科/ツグミ科/ツグミ属/アカコッコ	Passeriformes/Passeri/Passerida/Muscicapoidea/thrush/Turdus/Izu Thrush	order/suborder/parvorder /superfamily/family/genus/species
4_56	db/日本野鳥大鑑4/56 シロハラ.wav	4	56 シロハラ	シロハラ	Q1589031	Pale Thrush	シロハラ	Q25341/Q194240/Q764420/Q1179990/Q26050/Q115661/Q1589031	スズメ目/スズメ亜目/スズメ小目/ヒタキ上科/ツグミ科/ツグミ属/シロハラ	Passeriformes/Passeri/Passerida/Muscicapoidea/thrush/Turdus/Pale Thrush	order/suborder/parvorder /superfamily/family/genus/species
4_57	db/日本野鳥大鑑4/57 マミチャジナイ.wav	4	57 マミチャジナイ	マミチャジナイ	Q1591663	Eyebrowed Thrush	マミチャジナイ	Q25341/Q194240/Q764420/Q1179990/Q26050/Q115661/Q1591663	スズメ目/スズメ亜目/スズメ小目/ヒタキ上科/ツグミ科/ツグミ属/マミチャジナイ	Passeriformes/Passeri/Passerida/Muscicapoidea/thrush/Turdus/Eyebrowed Thrush	order/suborder/parvorder /superfamily/family/genus/species
4_58	db/日本野鳥大鑑4/58 ツグミ.wav	4	58 ツグミ	ツグミ	Q843175	Naumann’s Thrush	ツグミ	Q25341/Q194240/Q764420/Q1179990/Q26050/Q115661/Q843175	スズメ目/スズメ亜目/スズメ小目/ヒタキ上科/ツグミ科/ツグミ属/ツグミ	Passeriformes/Passeri/Passerida/Muscicapoidea/thrush/Turdus/Naumann’s Thrush	order/suborder/parvorder /superfamily/family/genus/species
4_59	db/日本野鳥大鑑4/59 ノハラツグミ.wav	4	59 ノハラツグミ	ノハラツグミ	Q25777	Fieldfare	ノハラツグミ	Q25341/Q194240/Q764420/Q1179990/Q26050/Q115661/Q25777	スズメ目/スズメ亜目/スズメ小目/ヒタキ上科/ツグミ科/ツグミ属/ノハラツグミ	Passeriformes/Passeri/Passerida/Muscicapoidea/thrush/Turdus/Fieldfare	order/suborder/parvorder /superfamily/family/genus/species
4_60	db/日本野鳥大鑑4/60 ウタツグミ.wav	4	60 ウタツグミ	ウタツグミ	Q26349	Song Thrush	ウタツグミ	Q25341/Q194240/Q764420/Q1179990/Q26050/Q115661/Q26349	スズメ目/スズメ亜目/スズメ小目/ヒタキ上科/ツグミ科/ツグミ属/ウタツグミ	Passeriformes/Passeri/Passerida/Muscicapoidea/thrush/Turdus/Song Thrush	order/suborder/parvorder /superfamily/family/genus/species
4_61	db/日本野鳥大鑑4/61 ヤドリギツグミ.wav	4	61 ヤドリギツグミ	ヤドリギツグミ	Q178942	Mistle Thrush	ヤドリギツグミ	Q25341/Q194240/Q764420/Q1179990/Q26050/Q115661/Q178942	スズメ目/スズメ亜目/スズメ小目/ヒタキ上科/ツグミ科/ツグミ属/ヤドリギツグミ	Passeriformes/Passeri/Passerida/Muscicapoidea/thrush/Turdus/Mistle Thrush	order/suborder/parvorder /superfamily/family/genus/species
4_62	db/日本野鳥大鑑4/62 ダルマエナガ.wav	4	62 ダルマエナガ	ダルマエナガ	Q27075558	Vinous-throated Parrotbill	ダルマエナガ	Q25341/Q194240/Q764420/Q2862448/Q187014/Q2333854/Q27075558	スズメ目/スズメ亜目/スズメ小目/ウグイス上科/ダルマエナガ科/Sinosuthora/ダルマエナガ	Passeriformes/Passeri/Passerida/Sylvioidea/Sylviidae/Sinosuthora/Vinous-throated Parrotbill	order/suborder/parvorder /superfamily/family/genus/species
4_63	db/日本野鳥大鑑4/63 ウグイス.wav	4	63 ウグイス	ウグイス	Q27075456	Horornis diphone	ウグイス	Q25341/Q222432/Q9293884/Q27075456	スズメ目/ウグイス科/Horornis/ウグイス	Passeriformes/Cettiidae/Horornis/Horornis diphone	order/family/genus/species
4_66	db/日本野鳥大鑑4/66 ヤブサメ.wav	4	66 ヤブサメ	ヤブサメ	Q2669165	Asian Stubtail	ヤブサメ	Q920922/Q2669165	Urosphena/ヤブサメ	Urosphena/Asian Stubtail	genus/species
4_67	db/日本野鳥大鑑4/67 オオセッカ.wav	4	67 オオセッカ	オオセッカ	Q1588195	Marsh Grassbird	オオセッカ	Q262063/Q1588195	Megalurus/オオセッカ	Megalurus/Marsh Grassbird	genus/species
4_68	db/日本野鳥大鑑4/68 エゾセンニュウ.wav	4	68 エゾセンニュウ	エゾセンニュウ	Q1584677	Gray’s Grasshopper Warbler	エゾセンニュウ	Q850925/Q1584677	Locustella/エゾセンニュウ	Locustella/Gray’s Grasshopper Warbler	genus/species
4_69	db/日本野鳥大鑑4/69 シマセンニュウ.wav	4	69 シマセンニュウ	シマセンニュウ	Q1585356	Middendorff’s Grasshopper Warbler	シマセンニュウ	Q850925/Q1585356	Locustella/シマセンニュウ	Locustella/Middendorff’s Grasshopper Warbler	genus/species
4_70	db/日本野鳥大鑑4/70 ウチヤマセンニュウ.wav	4	70 ウチヤマセンニュウ	ウチヤマセンニュウ	Q62168788	Styan's Grasshopper Warbler	ウチヤマセンニュウ	Q20645445/Q14635103/Q326483/Q5856078/Q25341/Q774034/Q51670098/Q62168788	Telluraves/Australaves/Eufalconimorphae/Psittacopasserae/スズメ目/センニュウ科/Helopsaltes/ウチヤマセンニュウ	Telluraves/Australaves/Eufalconimorphae/Psittacopasserae/Passeriformes/Locustellidae/Helopsaltes/Styan's Grasshopper Warbler	order/family/genus/species
4_71	db/日本野鳥大鑑4/71 マキノセンニュウ.wav	4	71 マキノセンニュウ	マキノセンニュウ	Q837761	Lanceolated Warbler	マキノセンニュウ	Q850925/Q837761	Locustella/マキノセンニュウ	Locustella/Lanceolated Warbler	genus/species
4_72	db/日本野鳥大鑑4/72 コヨシキリ.wav	4	72 コヨシキリ	コヨシキリ	Q1200757	Black-browed Reed Warbler	コヨシキリ	Q20645445/Q14635103/Q326483/Q5856078/Q25341/Q366974/Q637716/Q1200757	Telluraves/Australaves/Eufalconimorphae/Psittacopasserae/スズメ目/ヨシキリ科/Acrocephalus/コヨシキリ	Telluraves/Australaves/Eufalconimorphae/Psittacopasserae/Passeriformes/Acrocephalidae/Acrocephalus/Black-browed Reed Warbler	order/family/genus/species
4_73	db/日本野鳥大鑑4/73 オオヨシキリ.wav	4	73 オオヨシキリ	オオヨシキリ	Q73456	Oriental Reed Warbler	オオヨシキリ	Q20645445/Q14635103/Q326483/Q5856078/Q25341/Q366974/Q637716/Q73456	Telluraves/Australaves/Eufalconimorphae/Psittacopasserae/スズメ目/ヨシキリ科/Acrocephalus/オオヨシキリ	Telluraves/Australaves/Eufalconimorphae/Psittacopasserae/Passeriformes/Acrocephalidae/Acrocephalus/Oriental Reed Warbler	order/family/genus/species
5_01	db/日本野鳥大鑑5/01 コノドジロムシクイ.wav	5	01 コノドジロムシクイ	コノドジロムシクイ	Q206089	Lesser Whitethroat	コノドジロムシクイ	Q12814009/Q206089	Curruca/コノドジロムシクイ	Curruca/Lesser Whitethroat	genus/species
5_02	db/日本野鳥大鑑5/02 キタヤナギムシクイ.wav	5	02 キタヤナギムシクイ	キタヤナギムシクイ	Q27239	Willow Warbler	キタヤナギムシクイ	Q194240/Q1929497/Q214627/Q27239	スズメ亜目/メボソムシクイ科/Phylloscopus/キタヤナギムシクイ	Passeri/Phylloscopidae/Phylloscopus/Willow Warbler	suborder/family/genus/species
5_03	db/日本野鳥大鑑5/03 チフチャフ.wav	5	03 チフチャフ	チフチャフ	Q185784	Common Chiffchaff	チフチャフ	Q194240/Q1929497/Q214627/Q185784	スズメ亜目/メボソムシクイ科/Phylloscopus/チフチャフ	Passeri/Phylloscopidae/Phylloscopus/Common Chiffchaff	suborder/family/genus/species
5_04	db/日本野鳥大鑑5/04 モリムシクイ.wav	5	04 モリムシクイ	モリムシクイ	Q27075477	Wood Warbler	モリムシクイ	Q194240/Q1929497/Q214627/Q27075477	スズメ亜目/メボソムシクイ科/Phylloscopus/モリムシクイ	Passeri/Phylloscopidae/Phylloscopus/Wood Warbler	suborder/family/genus/species
5_05	db/日本野鳥大鑑5/05 カラフトムジセッカ.wav	5	05 カラフトムジセッカ	カラフトムジセッカ	Q809446	Radde’s Warbler	カラフトムジセッカ	Q194240/Q1929497/Q214627/Q809446	スズメ亜目/メボソムシクイ科/Phylloscopus/カラフトムジセッカ	Passeri/Phylloscopidae/Phylloscopus/Radde’s Warbler	suborder/family/genus/species
5_06	db/日本野鳥大鑑5/06 キマユムシクイ.wav	5	06 キマユムシクイ	キマユムシクイ	Q330318	Yellow-browed Warbler	キマユムシクイ	Q194240/Q1929497/Q214627/Q330318	スズメ亜目/メボソムシクイ科/Phylloscopus/キマユムシクイ	Passeri/Phylloscopidae/Phylloscopus/Yellow-browed Warbler	suborder/family/genus/species
5_07	db/日本野鳥大鑑5/07 カラフトムシクイ.wav	5	07 カラフトムシクイ	カラフトムシクイ	Q752513	Pallas’s Leaf Warbler	カラフトムシクイ	Q194240/Q1929497/Q214627/Q752513	スズメ亜目/メボソムシクイ科/Phylloscopus/カラフトムシクイ	Passeri/Phylloscopidae/Phylloscopus/Pallas’s Leaf Warbler	suborder/family/genus/species
5_08	db/日本野鳥大鑑5/08 メボソムシクイ.wav	5	08 メボソムシクイ	メボソムシクイ	Q720497	Arctic Warbler	メボソムシクイ	Q194240/Q1929497/Q214627/Q720497	スズメ亜目/メボソムシクイ科/Phylloscopus/メボソムシクイ	Passeri/Phylloscopidae/Phylloscopus/Arctic Warbler	suborder/family/genus/species
5_10	db/日本野鳥大鑑5/10 エゾムシクイ.wav	5	10 エゾムシクイ	エゾムシクイ	Q2669182	Sakhalin Leaf Warbler	エゾムシクイ	Q194240/Q1929497/Q214627/Q2669182	スズメ亜目/メボソムシクイ科/Phylloscopus/エゾムシクイ	Passeri/Phylloscopidae/Phylloscopus/Sakhalin Leaf Warbler	suborder/family/genus/species
5_11	db/日本野鳥大鑑5/11 センダイムシクイ.wav	5	11 センダイムシクイ	センダイムシクイ	Q2869566	Eastern Crowned Warbler	センダイムシクイ	Q194240/Q1929497/Q214627/Q2869566	スズメ亜目/メボソムシクイ科/Phylloscopus/センダイムシクイ	Passeri/Phylloscopidae/Phylloscopus/Eastern Crowned Warbler	suborder/family/genus/species
5_12	db/日本野鳥大鑑5/12 イイジマムシクイ.wav	5	12 イイジマムシクイ	イイジマムシクイ	Q1590370	Ijima’s Leaf Warbler	イイジマムシクイ	Q194240/Q1929497/Q214627/Q1590370	スズメ亜目/メボソムシクイ科/Phylloscopus/イイジマムシクイ	Passeri/Phylloscopidae/Phylloscopus/Ijima’s Leaf Warbler	suborder/family/genus/species
5_13	db/日本野鳥大鑑5/13 キクイタダキ.wav	5	13 キクイタダキ	キクイタダキ	Q26657	Goldcrest	キクイタダキ	Q25341/Q14254250/Q208716/Q26657	スズメ目/Regulidae/キクイタダキ属/キクイタダキ	Passeriformes/Regulidae/Regulus/Goldcrest	order/family/genus/species
5_14	db/日本野鳥大鑑5/14 セッカ.wav	5	14 セッカ	セッカ	Q210791	Zitting Cisticola	セッカ	Q550595/Q2719515/Q210791	セッカ科/Cisticola/セッカ	Cisticolidae/Cisticola/Zitting Cisticola	family/genus/species
5_15	db/日本野鳥大鑑5/15 マダラヒタキ.wav	5	15 マダラヒタキ	マダラヒタキ	Q27442	European Pied Flycatcher	マダラヒタキ	Q388003/Q27442	Ficedula/マダラヒタキ	Ficedula/European Pied Flycatcher	genus/species
5_16	db/日本野鳥大鑑5/16 ムギマキ.wav	5	16 ムギマキ	ムギマキ	Q1589248	Mugimaki Flycatcher	ムギマキ	Q388003/Q1589248	Ficedula/ムギマキ	Ficedula/Mugimaki Flycatcher	genus/species
5_17	db/日本野鳥大鑑5/17 マミジロキビタキ.wav	5	17 マミジロキビタキ	マミジロキビタキ	Q73574	Yellow-rumped Flycatcher	マミジロキビタキ	Q25341/Q194240/Q764420/Q1179990/Q200989/Q388003/Q73574	スズメ目/スズメ亜目/スズメ小目/ヒタキ上科/ヒタキ科/Ficedula/マミジロキビタキ	Passeriformes/Passeri/Passerida/Muscicapoidea/Muscicapidae/Ficedula/Yellow-rumped Flycatcher	order/suborder/parvorder /superfamily/family/genus/species
5_18	db/日本野鳥大鑑5/18 キビタキ.wav	5	18 キビタキ	キビタキ	Q1367236	Narcissus Flycatcher	キビタキ	Q388003/Q1367236	Ficedula/キビタキ	Ficedula/Narcissus Flycatcher	genus/species
5_20	db/日本野鳥大鑑5/20 オオルリ.wav	5	20 オオルリ	オオルリ	Q73477	Blue-and-white Flycatcher	オオルリ	Q15111715/Q73477	Cyanoptila/オオルリ	Cyanoptila/Blue-and-white Flycatcher	genus/species
5_21	db/日本野鳥大鑑5/21 サメビタキ.wav	5	21 サメビタキ	サメビタキ	Q73578	Dark-sided Flycatcher	サメビタキ	Q25341/Q194240/Q764420/Q1179990/Q200989/Q1088541/Q73578	スズメ目/スズメ亜目/スズメ小目/ヒタキ上科/ヒタキ科/Muscicapa/サメビタキ	Passeriformes/Passeri/Passerida/Muscicapoidea/Muscicapidae/Muscicapa/Dark-sided Flycatcher	order/suborder/parvorder /superfamily/family/genus/species
5_22	db/日本野鳥大鑑5/22 コサメビタキ.wav	5	22 コサメビタキ	コサメビタキ	Q27075642	Asian Brown Flycatcher	コサメビタキ	Q25341/Q194240/Q764420/Q1179990/Q200989/Q1088541/Q27075642	スズメ目/スズメ亜目/スズメ小目/ヒタキ上科/ヒタキ科/Muscicapa/コサメビタキ	Passeriformes/Passeri/Passerida/Muscicapoidea/Muscicapidae/Muscicapa/Asian Brown Flycatcher	order/suborder/parvorder /superfamily/family/genus/species
5_23	db/日本野鳥大鑑5/23 サンコウチョウ.wav	5	23 サンコウチョウ	サンコウチョウ	Q1074163	Japanese Paradise Flycatcher	サンコウチョウ	Q902469/Q1074163	アフリカ三光鳥/サンコウチョウ	paradise flycatcher/Japanese Paradise Flycatcher	genus/species
5_25	db/日本野鳥大鑑5/25 エナガ.wav	5	25 エナガ	エナガ	Q170831	Long-tailed Tit	エナガ	Q310850/Q170831	Aegithalos/エナガ	Aegithalos/Long-tailed Tit	genus/species
5_27	db/日本野鳥大鑑5/27 ツリスガラ.wav	5	27 ツリスガラ	ツリスガラ	Q273067	Eurasian Penduline Tit	ツリスガラ	Q2727124/Q273067	Remiz/ツリスガラ	Remiz/Eurasian Penduline Tit	genus/species
5_28	db/日本野鳥大鑑5/28 ハシブトガラ.wav	5	28 ハシブトガラ	ハシブトガラ	Q207838	Marsh Tit	ハシブトガラ	Q25341/Q194240/Q764420/Q2862448/Q168473/Q1075355/Q207838	スズメ目/スズメ亜目/スズメ小目/ウグイス上科/シジュウカラ科/コガラ属/ハシブトガラ	Passeriformes/Passeri/Passerida/Sylvioidea/tit/Poecile/Marsh Tit	order/suborder/parvorder /superfamily/family/genus/species
5_29	db/日本野鳥大鑑5/29 コガラ.wav	5	29 コガラ	コガラ	Q215211	Willow Tit	コガラ	Q25341/Q194240/Q764420/Q2862448/Q168473/Q1075355/Q215211	スズメ目/スズメ亜目/スズメ小目/ウグイス上科/シジュウカラ科/コガラ属/コガラ	Passeriformes/Passeri/Passerida/Sylvioidea/tit/Poecile/Willow Tit	order/suborder/parvorder /superfamily/family/genus/species
5_30	db/日本野鳥大鑑5/30 ヒガラ.wav	5	30 ヒガラ	ヒガラ	Q191096	Coal Tit	ヒガラ	Q25341/Q194240/Q764420/Q2862448/Q168473/Q1193281/Q191096	スズメ目/スズメ亜目/スズメ小目/ウグイス上科/シジュウカラ科/ヒガラ属/ヒガラ	Passeriformes/Passeri/Passerida/Sylvioidea/tit/Periparus/Coal Tit	order/suborder/parvorder /superfamily/family/genus/species
5_31	db/日本野鳥大鑑5/31 ヤマガラ.wav	5	31 ヤマガラ	ヤマガラ	Q27075354	Varied Tit	ヤマガラ	Q3838110/Q27075354	Sittiparus/ヤマガラ	Sittiparus/Varied Tit	genus/species
5_33	db/日本野鳥大鑑5/33 オーストンヤマガラ.wav	5	33 オーストンヤマガラ	オーストンヤマガラ	Q21364393	Sittiparus owstoni	オーストンヤマガラ	Q3838110/Q21364393	Sittiparus/オーストンヤマガラ	Sittiparus/Sittiparus owstoni	genus/species
5_34	db/日本野鳥大鑑5/34 シジュウカラ.wav	5	34 シジュウカラ	シジュウカラ	Q177798	Japanese Tit	シジュウカラ	Q719380/Q177798	カラ類/シジュウカラ	Parus/Japanese Tit	genus/species
5_36	db/日本野鳥大鑑5/36 ゴジュウカラ.wav	5	36 ゴジュウカラ	ゴジュウカラ	Q156767	Eurasian nuthatch	ゴジュウカラ	Q25341/Q194240/Q205857/Q858577/Q156767	スズメ目/スズメ亜目/ゴジュウカラ科/ゴジュウカラ科/ゴジュウカラ	Passeriformes/Passeri/Sittidae/Sitta/Eurasian nuthatch	order/suborder/family/genus/species
5_38	db/日本野鳥大鑑5/38 キバシリ.wav	5	38 キバシリ	キバシリ	Q193593	Eurasian Treecreeper	キバシリ	Q205938/Q1991437/Q193593	キバシリ科/キバシリ属/キバシリ	treecreeper/Certhia/Eurasian Treecreeper	family/genus/species
5_39	db/日本野鳥大鑑5/39 メジロ.wav	5	39 メジロ	メジロ	Q700028	Japanese White-eye	メジロ	Q371086/Q226900/Q700028	メジロ科/Zosterops/メジロ	Zosteropidae/Zosterops/Japanese White-eye	family/genus/species
5_42	db/日本野鳥大鑑5/42 メグロ.wav	5	42 メグロ	メグロ	Q253644	Bonin White-eye	メグロ	Q371086/Q10734465/Q253644	メジロ科/Apalopteron/メグロ	Zosteropidae/Apalopteron/Bonin White-eye	family/genus/species
5_43	db/日本野鳥大鑑5/43 キアオジ.wav	5	43 キアオジ	キアオジ	Q26205	Yellowhammer	キアオジ	Q20645445/Q14635103/Q326483/Q5856078/Q25341/Q28486/Q614481/Q26205	Telluraves/Australaves/Eufalconimorphae/Psittacopasserae/スズメ目/ホオジロ科/ホオジロ属/キアオジ	Telluraves/Australaves/Eufalconimorphae/Psittacopasserae/Passeriformes/Emberizidae/Emberiza/Yellowhammer	order/family/genus/species
5_44	db/日本野鳥大鑑5/44 シラガホオジロ.wav	5	44 シラガホオジロ	シラガホオジロ	Q221423	Pine Bunting	シラガホオジロ	Q20645445/Q14635103/Q326483/Q5856078/Q25341/Q28486/Q614481/Q221423	Telluraves/Australaves/Eufalconimorphae/Psittacopasserae/スズメ目/ホオジロ科/ホオジロ属/シラガホオジロ	Telluraves/Australaves/Eufalconimorphae/Psittacopasserae/Passeriformes/Emberizidae/Emberiza/Pine Bunting	order/family/genus/species
5_45	db/日本野鳥大鑑5/45 ホオジロ.wav	5	45 ホオジロ	ホオジロ	Q1076007	Meadow Bunting	ホオジロ	Q20645445/Q14635103/Q326483/Q5856078/Q25341/Q28486/Q614481/Q1076007	Telluraves/Australaves/Eufalconimorphae/Psittacopasserae/スズメ目/ホオジロ科/ホオジロ属/ホオジロ	Telluraves/Australaves/Eufalconimorphae/Psittacopasserae/Passeriformes/Emberizidae/Emberiza/Meadow Bunting	order/family/genus/species
5_46	db/日本野鳥大鑑5/46 ズアオホオジロ.wav	5	46 ズアオホオジロ	ズアオホオジロ	Q206630	Ortolan Bunting	ズアオホオジロ	Q20645445/Q14635103/Q326483/Q5856078/Q25341/Q28486/Q614481/Q206630	Telluraves/Australaves/Eufalconimorphae/Psittacopasserae/スズメ目/ホオジロ科/ホオジロ属/ズアオホオジロ	Telluraves/Australaves/Eufalconimorphae/Psittacopasserae/Passeriformes/Emberizidae/Emberiza/Ortolan Bunting	order/family/genus/species
5_47	db/日本野鳥大鑑5/47 コジュリン.wav	5	47 コジュリン	コジュリン	Q1589261	Ochre-rumped Bunting	コジュリン	Q20645445/Q14635103/Q326483/Q5856078/Q25341/Q28486/Q614481/Q1589261	Telluraves/Australaves/Eufalconimorphae/Psittacopasserae/スズメ目/ホオジロ科/ホオジロ属/コジュリン	Telluraves/Australaves/Eufalconimorphae/Psittacopasserae/Passeriformes/Emberizidae/Emberiza/Ochre-rumped Bunting	order/family/genus/species
5_48	db/日本野鳥大鑑5/48 ホオアカ.wav	5	48 ホオアカ	ホオアカ	Q1586230	Chestnut-eared Bunting	ホオアカ	Q20645445/Q14635103/Q326483/Q5856078/Q25341/Q28486/Q614481/Q1586230	Telluraves/Australaves/Eufalconimorphae/Psittacopasserae/スズメ目/ホオジロ科/ホオジロ属/ホオアカ	Telluraves/Australaves/Eufalconimorphae/Psittacopasserae/Passeriformes/Emberizidae/Emberiza/Chestnut-eared Bunting	order/family/genus/species
5_49	db/日本野鳥大鑑5/49 コホオアカ.wav	5	49 コホオアカ	コホオアカ	Q216855	Little Bunting	コホオアカ	Q20645445/Q14635103/Q326483/Q5856078/Q25341/Q28486/Q614481/Q216855	Telluraves/Australaves/Eufalconimorphae/Psittacopasserae/スズメ目/ホオジロ科/ホオジロ属/コホオアカ	Telluraves/Australaves/Eufalconimorphae/Psittacopasserae/Passeriformes/Emberizidae/Emberiza/Little Bunting	order/family/genus/species
5_50	db/日本野鳥大鑑5/50 カシラダカ.wav	5	50 カシラダカ	カシラダカ	Q286809	Rustic Bunting	カシラダカ	Q20645445/Q14635103/Q326483/Q5856078/Q25341/Q28486/Q614481/Q286809	Telluraves/Australaves/Eufalconimorphae/Psittacopasserae/スズメ目/ホオジロ科/ホオジロ属/カシラダカ	Telluraves/Australaves/Eufalconimorphae/Psittacopasserae/Passeriformes/Emberizidae/Emberiza/Rustic Bunting	order/family/genus/species
5_51	db/日本野鳥大鑑5/51 ミヤマホオジロ.wav	5	51 ミヤマホオジロ	ミヤマホオジロ	Q1193779	Yellow-throated Bunting	ミヤマホオジロ	Q20645445/Q14635103/Q326483/Q5856078/Q25341/Q28486/Q614481/Q1193779	Telluraves/Australaves/Eufalconimorphae/Psittacopasserae/スズメ目/ホオジロ科/ホオジロ属/ミヤマホオジロ	Telluraves/Australaves/Eufalconimorphae/Psittacopasserae/Passeriformes/Emberizidae/Emberiza/Yellow-throated Bunting	order/family/genus/species
5_52	db/日本野鳥大鑑5/52 シマアオジ.wav	5	52 シマアオジ	シマアオジ	Q335535	Yellow-breasted Bunting	シマアオジ	Q20645445/Q14635103/Q326483/Q5856078/Q25341/Q28486/Q614481/Q335535	Telluraves/Australaves/Eufalconimorphae/Psittacopasserae/スズメ目/ホオジロ科/ホオジロ属/シマアオジ	Telluraves/Australaves/Eufalconimorphae/Psittacopasserae/Passeriformes/Emberizidae/Emberiza/Yellow-breasted Bunting	order/family/genus/species
5_53	db/日本野鳥大鑑5/53 シマノジコ.wav	5	53 シマノジコ	シマノジコ	Q427182	Chestnut Bunting	シマノジコ	Q20645445/Q14635103/Q326483/Q5856078/Q25341/Q28486/Q614481/Q427182	Telluraves/Australaves/Eufalconimorphae/Psittacopasserae/スズメ目/ホオジロ科/ホオジロ属/シマノジコ	Telluraves/Australaves/Eufalconimorphae/Psittacopasserae/Passeriformes/Emberizidae/Emberiza/Chestnut Bunting	order/family/genus/species
5_54	db/日本野鳥大鑑5/54 ノジコ.wav	5	54 ノジコ	ノジコ	Q1588177	Yellow Bunting	ノジコ	Q20645445/Q14635103/Q326483/Q5856078/Q25341/Q28486/Q614481/Q1588177	Telluraves/Australaves/Eufalconimorphae/Psittacopasserae/スズメ目/ホオジロ科/ホオジロ属/ノジコ	Telluraves/Australaves/Eufalconimorphae/Psittacopasserae/Passeriformes/Emberizidae/Emberiza/Yellow Bunting	order/family/genus/species
5_55	db/日本野鳥大鑑5/55 アオジ.wav	5	55 アオジ	アオジ	Q1190674	Black-faced Bunting	アオジ	Q20645445/Q14635103/Q326483/Q5856078/Q25341/Q28486/Q614481/Q1190674	Telluraves/Australaves/Eufalconimorphae/Psittacopasserae/スズメ目/ホオジロ科/ホオジロ属/アオジ	Telluraves/Australaves/Eufalconimorphae/Psittacopasserae/Passeriformes/Emberizidae/Emberiza/Black-faced Bunting	order/family/genus/species
5_56	db/日本野鳥大鑑5/56 クロジ.wav	5	56 クロジ	クロジ	Q1586258	Gray Bunting	クロジ	Q20645445/Q14635103/Q326483/Q5856078/Q25341/Q28486/Q614481/Q1586258	Telluraves/Australaves/Eufalconimorphae/Psittacopasserae/スズメ目/ホオジロ科/ホオジロ属/クロジ	Telluraves/Australaves/Eufalconimorphae/Psittacopasserae/Passeriformes/Emberizidae/Emberiza/Gray Bunting	order/family/genus/species
5_57	db/日本野鳥大鑑5/57 オオジュリン.wav	5	57 オオジュリン	オオジュリン	Q26961	Reed Bunting	オオジュリン	Q20645445/Q14635103/Q326483/Q5856078/Q25341/Q28486/Q614481/Q26961	Telluraves/Australaves/Eufalconimorphae/Psittacopasserae/スズメ目/ホオジロ科/ホオジロ属/オオジュリン	Telluraves/Australaves/Eufalconimorphae/Psittacopasserae/Passeriformes/Emberizidae/Emberiza/Reed Bunting	order/family/genus/species
5_58	db/日本野鳥大鑑5/58 ツメナガホオジロ.wav	5	58 ツメナガホオジロ	ツメナガホオジロ	Q208703	Lapland Longspur	ツメナガホオジロ	Q20645445/Q14635103/Q326483/Q5856078/Q25341/Q28486/Q857400/Q208703	Telluraves/Australaves/Eufalconimorphae/Psittacopasserae/スズメ目/ホオジロ科/Longspur/ツメナガホオジロ	Telluraves/Australaves/Eufalconimorphae/Psittacopasserae/Passeriformes/Emberizidae/Longspur/Lapland Longspur	order/family/genus/species
5_59	db/日本野鳥大鑑5/59 ユキホオジロ.wav	5	59 ユキホオジロ	ユキホオジロ	Q26416	Snow Bunting	ユキホオジロ	Q28486/Q1073197/Q26416	ホオジロ科/Plectrophenax/ユキホオジロ	Emberizidae/Plectrophenax/Snow Bunting	family/genus/species
5_60	db/日本野鳥大鑑5/60 ミヤマシトド.wav	5	60 ミヤマシトド	ミヤマシトド	Q686673	White-crowned Sparrow	ミヤマシトド	Q20645445/Q14635103/Q326483/Q5856078/Q25341/Q28486/Q914721/Q686673	Telluraves/Australaves/Eufalconimorphae/Psittacopasserae/スズメ目/ホオジロ科/Zonotrichia/ミヤマシトド	Telluraves/Australaves/Eufalconimorphae/Psittacopasserae/Passeriformes/Emberizidae/Zonotrichia/White-crowned Sparrow	order/family/genus/species
6_01	db/日本野鳥大鑑6/01 ズアオアトリ.wav	6	01 ズアオアトリ	ズアオアトリ	Q25383	Common Chaffinch	ズアオアトリ	Q581391/Q25383	アトリ属/ズアオアトリ	Fringilla/Common Chaffinch	genus/species
6_02	db/日本野鳥大鑑6/02 アトリ.wav	6	02 アトリ	アトリ	Q188877	Brambling	アトリ	Q581391/Q188877	アトリ属/アトリ	Fringilla/Brambling	genus/species
6_03	db/日本野鳥大鑑6/03 カワラヒワ.wav	6	03 カワラヒワ	カワラヒワ	Q27075786	Grey-capped Greenfinch	カワラヒワ	Q9189957/Q27075786	Chloris/カワラヒワ	Chloris/Grey-capped Greenfinch	genus/species
6_04	db/日本野鳥大鑑6/04 マヒワ.wav	6	04 マヒワ	マヒワ	Q27075864	Eurasian Siskin	マヒワ	Q25341/Q160835/Q5261336/Q27075864	スズメ目/アトリ科/Spinus/マヒワ	Passeriformes/Fringillidae/Spinus/Eurasian Siskin	order/family/genus/species
6_05	db/日本野鳥大鑑6/05 ベニヒワ.wav	6	05 ベニヒワ	ベニヒワ	Q20754771	Common Redpoll	ベニヒワ	Q25341/Q160835/Q667490/Q2822501/Q20754771	スズメ目/アトリ科/ヒワ亜科/Acanthis/ベニヒワ	Passeriformes/Fringillidae/Carduelinae/Acanthis/Common Redpoll	order/family/subfamily/genus/species
6_06	db/日本野鳥大鑑6/06 ハギマシコ.wav	6	06 ハギマシコ	ハギマシコ	Q739209	Asian Rosy Finch	ハギマシコ	Q25341/Q160835/Q667490/Q673853/Q739209	スズメ目/アトリ科/ヒワ亜科/Leucosticte/ハギマシコ	Passeriformes/Fringillidae/Carduelinae/Leucosticte/Asian Rosy Finch	order/family/subfamily/genus/species
6_07	db/日本野鳥大鑑6/07 アカマシコ.wav	6	07 アカマシコ	アカマシコ	Q46143	Common Rosefinch	アカマシコ	Q25341/Q160835/Q667490/Q843168/Q46143	スズメ目/アトリ科/ヒワ亜科/オオマシコ/アカマシコ	Passeriformes/Fringillidae/Carduelinae/Carpodacus/Common Rosefinch	order/family/subfamily/genus/species
6_08	db/日本野鳥大鑑6/08 オオマシコ.wav	6	08 オオマシコ	オオマシコ	Q592362	Pallas's Rosefinch	オオマシコ	Q25341/Q160835/Q667490/Q843168/Q592362	スズメ目/アトリ科/ヒワ亜科/オオマシコ/オオマシコ	Passeriformes/Fringillidae/Carduelinae/Carpodacus/Pallas's Rosefinch	order/family/subfamily/genus/species
6_09	db/日本野鳥大鑑6/09 ベニマシコ.wav	6	09 ベニマシコ	ベニマシコ	Q27075750	Long-tailed Rosefinch	ベニマシコ	Q25341/Q160835/Q667490/Q843168/Q27075750	スズメ目/アトリ科/ヒワ亜科/オオマシコ/ベニマシコ	Passeriformes/Fringillidae/Carduelinae/Carpodacus/Long-tailed Rosefinch	order/family/subfamily/genus/species
6_10	db/日本野鳥大鑑6/10 ギンザンマシコ.wav	6	10 ギンザンマシコ	ギンザンマシコ	Q214571	Pine Grosbeak	ギンザンマシコ	Q25341/Q160835/Q667490/Q310865/Q214571	スズメ目/アトリ科/ヒワ亜科/Pinicola/ギンザンマシコ	Passeriformes/Fringillidae/Carduelinae/Pinicola/Pine Grosbeak	order/family/subfamily/genus/species
6_11	db/日本野鳥大鑑6/11 イスカ.wav	6	11 イスカ	イスカ	Q26552	Red Crossbill	イスカ	Q25341/Q160835/Q667490/Q339517/Q26552	スズメ目/アトリ科/ヒワ亜科/Loxia/イスカ	Passeriformes/Fringillidae/Carduelinae/Loxia/Red Crossbill	order/family/subfamily/genus/species
6_12	db/日本野鳥大鑑6/12 ナキイスカ.wav	6	12 ナキイスカ	ナキイスカ	Q331190	White-winged Crossbill	ナキイスカ	Q25341/Q160835/Q667490/Q339517/Q331190	スズメ目/アトリ科/ヒワ亜科/Loxia/ナキイスカ	Passeriformes/Fringillidae/Carduelinae/Loxia/White-winged Crossbill	order/family/subfamily/genus/species
6_13	db/日本野鳥大鑑6/13 ウソ.wav	6	13 ウソ	ウソ	Q25382	Eurasian Bullfinch	ウソ	Q25341/Q160835/Q667490/Q843173/Q25382	スズメ目/アトリ科/ヒワ亜科/Pyrrhula/ウソ	Passeriformes/Fringillidae/Carduelinae/Pyrrhula/Eurasian Bullfinch	order/family/subfamily/genus/species
6_14	db/日本野鳥大鑑6/14 シメ.wav	6	14 シメ	シメ	Q174088	Hawfinch	シメ	Q25341/Q160835/Q667490/Q868144/Q174088	スズメ目/アトリ科/ヒワ亜科/Coccothraustes/シメ	Passeriformes/Fringillidae/Carduelinae/Coccothraustes/Hawfinch	order/family/subfamily/genus/species
6_15	db/日本野鳥大鑑6/15 コイカル.wav	6	15 コイカル	コイカル	Q594049	Chinese Grosbeak	コイカル	Q25341/Q160835/Q667490/Q133463/Q594049	スズメ目/アトリ科/ヒワ亜科/Eophona/コイカル	Passeriformes/Fringillidae/Carduelinae/Eophona/Chinese Grosbeak	order/family/subfamily/genus/species
6_16	db/日本野鳥大鑑6/16 イカル.wav	6	16 イカル	イカル	Q1052029	Japenese Grosbeak	イカル	Q25341/Q160835/Q667490/Q133463/Q1052029	スズメ目/アトリ科/ヒワ亜科/Eophona/イカル	Passeriformes/Fringillidae/Carduelinae/Eophona/Japenese Grosbeak	order/family/subfamily/genus/species
6_17	db/日本野鳥大鑑6/17 イエスズメ.wav	6	17 イエスズメ	イエスズメ	Q14683	House Sparrow	イエスズメ	Q28922/Q28753/Q14683	スズメ科/スズメ属/イエスズメ	Passeridae/Passer/House Sparrow	family/genus/species
6_18	db/日本野鳥大鑑6/18 スズメ.wav	6	18 スズメ	スズメ	Q25968	Eurasian Tree Sparrow	スズメ	Q28922/Q28753/Q25968	スズメ科/スズメ属/スズメ	Passeridae/Passer/Eurasian Tree Sparrow	family/genus/species
6_19	db/日本野鳥大鑑6/19 ニュウナイスズメ.wav	6	19 ニュウナイスズメ	ニュウナイスズメ	Q28868046	Russet Sparrow	ニュウナイスズメ	Q28922/Q28753/Q28868046	スズメ科/スズメ属/ニュウナイスズメ	Passeridae/Passer/Russet Sparrow	family/genus/species
6_20	db/日本野鳥大鑑6/20 シベリアムクドリ.wav	6	20 シベリアムクドリ	シベリアムクドリ	Q890912	Daurian Starling	シベリアムクドリ	Q25341/Q185237/Q3759722/Q890912	スズメ目/ムクドリ科/Agropsar/シベリアムクドリ	Passeriformes/Sturnidae/Agropsar/Daurian Starling	order/family/genus/species
6_21	db/日本野鳥大鑑6/21 コムクドリ.wav	6	21 コムクドリ	コムクドリ	Q1586190	Chestnut-cheeked Starling	コムクドリ	Q25341/Q185237/Q3759722/Q1586190	スズメ目/ムクドリ科/Agropsar/コムクドリ	Passeriformes/Sturnidae/Agropsar/Chestnut-cheeked Starling	order/family/genus/species
6_22	db/日本野鳥大鑑6/22 ムクドリ.wav	6	22 ムクドリ	ムクドリ	Q27075595	White-cheeked Starling	ムクドリ	Q25341/Q185237/Q604910/Q27075595	スズメ目/ムクドリ科/ムクドリ属/ムクドリ	Passeriformes/Sturnidae/Spodiopsar/White-cheeked Starling	order/family/genus/species
6_23	db/日本野鳥大鑑6/23 ホシムクドリ.wav	6	23 ホシムクドリ	ホシムクドリ	Q25469	Common Starling	ホシムクドリ	Q25341/Q185237/Q333842/Q25469	スズメ目/ムクドリ科/Sturnus/ホシムクドリ	Passeriformes/Sturnidae/Sturnus/Common Starling	order/family/genus/species
6_24	db/日本野鳥大鑑6/24 コウライウグイス.wav	6	24 コウライウグイス	コウライウグイス	Q74092	Black-naped Oriole	コウライウグイス	Q25341/Q202955/Q2090536/Q74092	スズメ目/コウライウグイス科/Oriolus/コウライウグイス	Passeriformes/Oriolidae/Oriolus/Black-naped Oriole	order/family/genus/species
6_25	db/日本野鳥大鑑6/25 オウチュウ.wav	6	25 オウチュウ	オウチュウ	Q46435	Black Drongo	オウチュウ	Q20645445/Q14635103/Q326483/Q5856078/Q25341/Q839526/Q11234198/Q46435	Telluraves/Australaves/Eufalconimorphae/Psittacopasserae/スズメ目/オウチュウ亜科/Dicrurus/オウチュウ	Telluraves/Australaves/Eufalconimorphae/Psittacopasserae/Passeriformes/Drongo/Dicrurus/Black Drongo	order/family/genus/species
6_26	db/日本野鳥大鑑6/26 カケス.wav	6	26 カケス	カケス	Q25354	Eurasian Jay	カケス	Q311248/Q25354	カケス属/カケス	Garrulus/Eurasian Jay	genus/species
6_28	db/日本野鳥大鑑6/28 ルリカケス.wav	6	28 ルリカケス	ルリカケス	Q715227	Lidth's Jay	ルリカケス	Q25341/Q194240/Q869223/Q15998878/Q25565/Q311248/Q715227	スズメ目/スズメ亜目/カラス小目/カラス上科/カラス科/カケス属/ルリカケス	Passeriformes/Passeri/Corvida/Corvoidea/Corvidae/Garrulus/Lidth's Jay	order/suborder/infraorder/superfamily/family/genus/species
6_29	db/日本野鳥大鑑6/29 オナガ.wav	6	29 オナガ	オナガ	Q503807	Azure-winged Magpie	オナガ	Q25341/Q194240/Q869223/Q15998878/Q25565/Q2717364/Q503807	スズメ目/スズメ亜目/カラス小目/カラス上科/カラス科/オナガ属/オナガ	Passeriformes/Passeri/Corvida/Corvoidea/Corvidae/Cyanopica/Azure-winged Magpie	order/suborder/infraorder/superfamily/family/genus/species
6_30	db/日本野鳥大鑑6/30 カササギ.wav	6	30 カササギ	カササギ	Q25307	Common Magpie	カササギ	Q271634/Q25307	カササギ属/カササギ	Pica/Common Magpie	genus/species
6_31	db/日本野鳥大鑑6/31 ホシガラス.wav	6	31 ホシガラス	ホシガラス	Q184820	Spotted Nutcracker	ホシガラス	Q1951909/Q184820	Nucifraga/ホシガラス	Nucifraga/Spotted Nutcracker	genus/species
6_32	db/日本野鳥大鑑6/32 コクマルガラス.wav	6	32 コクマルガラス	コクマルガラス	Q27075327	Coloeus dauuricus	コクマルガラス	Q25341/Q194240/Q869223/Q15998878/Q25565/Q1234846/Q27075327	スズメ目/スズメ亜目/カラス小目/カラス上科/カラス科/Coloeus/コクマルガラス	Passeriformes/Passeri/Corvida/Corvoidea/Corvidae/Coloeus/Coloeus dauuricus	order/suborder/infraorder/superfamily/family/genus/species
6_33	db/日本野鳥大鑑6/33 ニシコクマルガラス.wav	6	33 ニシコクマルガラス	ニシコクマルガラス	Q25345384	Western Jackdaw	ニシコクマルガラス	Q25341/Q194240/Q869223/Q15998878/Q25565/Q1234846/Q25345384	スズメ目/スズメ亜目/カラス小目/カラス上科/カラス科/Coloeus/ニシコクマルガラス	Passeriformes/Passeri/Corvida/Corvoidea/Corvidae/Coloeus/Western Jackdaw	order/suborder/infraorder/superfamily/family/genus/species
6_34	db/日本野鳥大鑑6/34 イエガラス.wav	6	34 イエガラス	イエガラス	Q507383	House Crow	イエガラス	Q25341/Q194240/Q869223/Q15998878/Q25565/Q43365/Q507383	スズメ目/スズメ亜目/カラス小目/カラス上科/カラス科/カラス属/イエガラス	Passeriformes/Passeri/Corvida/Corvoidea/Corvidae/Corvus/House Crow	order/suborder/infraorder/superfamily/family/genus/species
6_35	db/日本野鳥大鑑6/35 ミヤマガラス.wav	6	35 ミヤマガラス	ミヤマガラス	Q25386	Rook	ミヤマガラス	Q43365/Q25386	カラス属/ミヤマガラス	Corvus/Rook	genus/species
6_36	db/日本野鳥大鑑6/36 ハシボソガラス.wav	6	36 ハシボソガラス	ハシボソガラス	Q26198	Carrion Crow	ハシボソガラス	Q43365/Q26198	カラス属/ハシボソガラス	Corvus/Carrion Crow	genus/species
6_37	db/日本野鳥大鑑6/37 ハシブトガラス.wav	6	37 ハシブトガラス	ハシブトガラス	Q111674	Large-billed Crow	ハシブトガラス	Q43365/Q111674	カラス属/ハシブトガラス	Corvus/Large-billed Crow	genus/species
6_39	db/日本野鳥大鑑6/39 ワタリガラス.wav	6	39 ワタリガラス	ワタリガラス	Q25357	Northern Raven	ワタリガラス	Q43365/Q25357	カラス属/ワタリガラス	Corvus/Northern Raven	genus/species
6_40	db/日本野鳥大鑑6/40 インドトキコウ.wav	6	40 インドトキコウ	インドトキコウ	Q631805	Painted Stork	インドトキコウ	Q28507/Q1180273/Q631805	コウノトリ科/Mycteria/インドトキコウ	Ciconiidae/Mycteria/Painted Stork	family/genus/species
6_41	db/日本野鳥大鑑6/41 アフリカクロトキ.wav	6	41 アフリカクロトキ	アフリカクロトキ	Q208763	African Sacred Ibis	アフリカクロトキ	Q917005/Q208763	Threskiornis/アフリカクロトキ	Threskiornis/African Sacred Ibis	genus/species
6_42	db/日本野鳥大鑑6/42 コクチョウ.wav	6	42 コクチョウ	コクチョウ	Q131044	Black Swan	コクチョウ	Q620938/Q29564928/Q131044	ガン亜科/ハクチョウ属/コクチョウ	Anserinae/Cygnus/Black Swan	subfamily/genus/species
6_45	db/日本野鳥大鑑6/45 コウライキジ.wav	6	45 コウライキジ	コウライキジ	Q25432	Common Pheasant	コウライキジ	Q974811/Q737426/Q25432	Phasianinae/キジ亜科/コウライキジ	Phasianinae/Phasianus/Common Pheasant	subfamily/genus/species
6_46	db/日本野鳥大鑑6/46 コジュケイ.wav	6	46 コジュケイ	コジュケイ	Q1074291	Chinese Bamboo Partridge	コジュケイ	Q9304816/Q249826/Q1074291	Perdicinae/Bambusicola/コジュケイ	Perdicinae/Bambusicola/Chinese Bamboo Partridge	subfamily/genus/species
6_47	db/日本野鳥大鑑6/47 テッケイ.wav	6	47 テッケイ	テッケイ	Q21470350	Taiwan Bamboo Partridge	テッケイ	Q9304816/Q249826/Q21470350	Perdicinae/Bambusicola/テッケイ	Perdicinae/Bambusicola/Taiwan Bamboo Partridge	subfamily/genus/species
6_48	db/日本野鳥大鑑6/48 キンケイ.wav	6	48 キンケイ	キンケイ	Q335113	Golden Pheasant	キンケイ	Q974811/Q179112/Q335113	Phasianinae/Chrysolophus/キンケイ	Phasianinae/Chrysolophus/Golden Pheasant	subfamily/genus/species
6_50	db/日本野鳥大鑑6/50 チョウショウバト.wav	6	50 チョウショウバト	チョウショウバト	Q288485	Zebra Dove	チョウショウバト	Q28078/Q10856/Q135447/Q905420/Q288485	ハト目/ハト科/Columbinae/チョウショウバト属/チョウショウバト	Columbiformes/Columbidae/Columbinae/Geopelia/Zebra Dove	order/family/subfamily/genus/species
6_51	db/日本野鳥大鑑6/51 オカメインコ.wav	6	51 オカメインコ	オカメインコ	Q514809	Cockatiel	オカメインコ	Q21215749/Q10801919/Q514809	Nymphicinae/Nymphicus/オカメインコ	Nymphicinae/Nymphicus/Cockatiel	subfamily/genus/species
6_52	db/日本野鳥大鑑6/52 セキセイインコ.wav	6	52 セキセイインコ	セキセイインコ	Q121221	Budgerigar	セキセイインコ	Q326483/Q31431/Q13624220/Q8327/Q1074819/Q10792667/Q121221	Eufalconimorphae/オウム目/Psittacoidea/インコ科/インコ亜科/Melopsittacus/セキセイインコ	Eufalconimorphae/Psittaciformes/Psittacoidea/Psittacidae/Psittacinae/Melopsittacus/Budgerigar	order/superfamily/family/subfamily/genus/species
6_53	db/日本野鳥大鑑6/53 ワカケホンセイインコ.wav	6	53 ワカケホンセイインコ	ワカケホンセイインコ	Q208060	Rose-ringed Parakeet	ワカケホンセイインコ	Q326483/Q31431/Q13624220/Q8327/Q1074819/Q518087/Q208060	Eufalconimorphae/オウム目/Psittacoidea/インコ科/インコ亜科/ホンセイインコ属/ワカケホンセイインコ	Eufalconimorphae/Psittaciformes/Psittacoidea/Psittacidae/Psittacinae/Psittacula/Rose-ringed Parakeet	order/superfamily/family/subfamily/genus/species
6_54	db/日本野鳥大鑑6/54 コンゴウインコ.wav	6	54 コンゴウインコ	コンゴウインコ	Q243761	Scarlet Macaw	コンゴウインコ	Q278968/Q213984/Q243761	Arinae/Ara/コンゴウインコ	Arinae/Ara/Scarlet Macaw	subfamily/genus/species
6_55	db/日本野鳥大鑑6/55 コウラウン.wav	6	55 コウラウン	コウラウン	Q501063	Red-whiskered Bulbul	コウラウン	Q194240/Q188854/Q940685/Q501063	スズメ亜目/ヒヨドリ科/Pycnonotus/コウラウン	Passeri/Pycnonotidae/Pycnonotus/Red-whiskered Bulbul	suborder/family/genus/species
6_56	db/日本野鳥大鑑6/56 シキチョウ.wav	6	56 シキチョウ	シキチョウ	Q266761	Oriental Magpie Robin	シキチョウ	Q578756/Q266761	magpie-robin/シキチョウ	magpie-robin/Oriental Magpie Robin	genus/species
6_58	db/日本野鳥大鑑6/58 ハクオウチョウ.wav	6	58 ハクオウチョウ	ハクオウチョウ	Q862812	White-crested Laughingthrush	ハクオウチョウ	Q25341/Q194240/Q764420/Q2862448/Q187014/Q644294/Q862812	スズメ目/スズメ亜目/スズメ小目/ウグイス上科/ダルマエナガ科/ガビチョウ亜科/ハクオウチョウ	Passeriformes/Passeri/Passerida/Sylvioidea/Sylviidae/Garrulax/White-crested Laughingthrush	order/suborder/parvorder /superfamily/family/genus/species
6_59	db/日本野鳥大鑑6/59 ソウシチョウ.wav	6	59 ソウシチョウ	ソウシチョウ	Q589245	Red-billed Leiothrix	ソウシチョウ	Q25341/Q194240/Q764420/Q2862448/Q187014/Q2569205/Q589245	スズメ目/スズメ亜目/スズメ小目/ウグイス上科/ダルマエナガ科/Leiothrix/ソウシチョウ	Passeriformes/Passeri/Passerida/Sylvioidea/Sylviidae/Leiothrix/Red-billed Leiothrix	order/suborder/parvorder /superfamily/family/genus/species
6_60	db/日本野鳥大鑑6/60 ガビチョウ.wav	6	60 ガビチョウ	ガビチョウ	Q1589896	Hwamei	ガビチョウ	Q644294/Q1589896	ガビチョウ亜科/ガビチョウ	Garrulax/Hwamei	genus/species
6_61	db/日本野鳥大鑑6/61 カオジロガビチョウ.wav	6	61 カオジロガビチョウ	カオジロガビチョウ	Q3315640	White-browed Laughingthrush	カオジロガビチョウ	Q644294/Q3315640	ガビチョウ亜科/カオジロガビチョウ	Garrulax/White-browed Laughingthrush	genus/species
6_62	db/日本野鳥大鑑6/62 ショウジョウコウカンチョウ.wav	6	62 ショウジョウコウカンチョウ	ショウジョウコウカンチョウ	Q726389	Northern Cardinal	ショウジョウコウカンチョウ	Q25341/Q194240/Q764420/Q749521/Q223402/Q858444/Q726389	スズメ目/スズメ亜目/スズメ小目/スズメ上科/ショウジョウコウカンチョウ科/Cardinalis/ショウジョウコウカンチョウ	Passeriformes/Passeri/Passerida/Passeroidea/Cardinalidae/Cardinalis/Northern Cardinal	order/suborder/parvorder /superfamily/family/genus/species
6_64	db/日本野鳥大鑑6/64 カエデチョウ.wav	6	64 カエデチョウ	カエデチョウ	Q720648	Black-rumped Waxbill	カエデチョウ	Q25341/Q194240/Q764420/Q749521/Q214462/Q478281/Q720648	スズメ目/スズメ亜目/スズメ小目/スズメ上科/カエデチョウ科/Estrilda/カエデチョウ	Passeriformes/Passeri/Passerida/Passeroidea/Estrildidae/Estrilda/Black-rumped Waxbill	order/suborder/parvorder /superfamily/family/genus/species
6_65	db/日本野鳥大鑑6/65 ベニスズメ.wav	6	65 ベニスズメ	ベニスズメ	Q73741	Red Avadavat	ベニスズメ	Q214462/Q135936/Q73741	カエデチョウ科/Amandava/ベニスズメ	Estrildidae/Amandava/Red Avadavat	family/genus/species
6_66	db/日本野鳥大鑑6/66 キンカチョウ.wav	6	66 キンカチョウ	キンカチョウ	Q331065	Zebra Finch	キンカチョウ	Q25341/Q194240/Q764420/Q749521/Q214462/Q3214630/Q331065	スズメ目/スズメ亜目/スズメ小目/スズメ上科/カエデチョウ科/Taeniopygia/キンカチョウ	Passeriformes/Passeri/Passerida/Passeroidea/Estrildidae/Taeniopygia/Zebra Finch	order/suborder/parvorder /superfamily/family/genus/species
6_67	db/日本野鳥大鑑6/67 ギンパラ.wav	6	67 ギンパラ	ギンパラ	Q478632	Tricoloured Munia	ギンパラ	Q25341/Q194240/Q764420/Q749521/Q214462/Q852860/Q478632	スズメ目/スズメ亜目/スズメ小目/スズメ上科/カエデチョウ科/キンパラ属/ギンパラ	Passeriformes/Passeri/Passerida/Passeroidea/Estrildidae/Munia/Tricoloured Munia	order/suborder/parvorder /superfamily/family/genus/species
6_68	db/日本野鳥大鑑6/68 キンパラ.wav	6	68 キンパラ	キンパラ	Q766579	Chestnut Munia	キンパラ	Q25341/Q194240/Q764420/Q749521/Q214462/Q852860/Q766579	スズメ目/スズメ亜目/スズメ小目/スズメ上科/カエデチョウ科/キンパラ属/キンパラ	Passeriformes/Passeri/Passerida/Passeroidea/Estrildidae/Munia/Chestnut Munia	order/suborder/parvorder /superfamily/family/genus/species
6_69	db/日本野鳥大鑑6/69 コシジロキンパラ.wav	6	69 コシジロキンパラ	コシジロキンパラ	Q574939	White-rumped Munia	コシジロキンパラ	Q25341/Q194240/Q764420/Q749521/Q214462/Q852860/Q574939	スズメ目/スズメ亜目/スズメ小目/スズメ上科/カエデチョウ科/キンパラ属/コシジロキンパラ	Passeriformes/Passeri/Passerida/Passeroidea/Estrildidae/Munia/White-rumped Munia	order/suborder/parvorder /superfamily/family/genus/species
6_70	db/日本野鳥大鑑6/70 コゲチャキンパラ.wav	6	70 コゲチャキンパラ	コゲチャキンパラ	Q862698	Dusky Munia	コゲチャキンパラ	Q25341/Q194240/Q764420/Q749521/Q214462/Q852860/Q862698	スズメ目/スズメ亜目/スズメ小目/スズメ上科/カエデチョウ科/キンパラ属/コゲチャキンパラ	Passeriformes/Passeri/Passerida/Passeroidea/Estrildidae/Munia/Dusky Munia	order/suborder/parvorder /superfamily/family/genus/species
6_71	db/日本野鳥大鑑6/71 シマキンパラ.wav	6	71 シマキンパラ	シマキンパラ	Q36197	Scaly-breasted Munia	シマキンパラ	Q25341/Q194240/Q764420/Q749521/Q214462/Q852860/Q36197	スズメ目/スズメ亜目/スズメ小目/スズメ上科/カエデチョウ科/キンパラ属/シマキンパラ	Passeriformes/Passeri/Passerida/Passeroidea/Estrildidae/Munia/Scaly-breasted Munia	order/suborder/parvorder /superfamily/family/genus/species
6_73	db/日本野鳥大鑑6/73 ヘキチョウ.wav	6	73 ヘキチョウ	ヘキチョウ	Q548262	White-headed Munia	ヘキチョウ	Q25341/Q194240/Q764420/Q749521/Q214462/Q852860/Q548262	スズメ目/スズメ亜目/スズメ小目/スズメ上科/カエデチョウ科/キンパラ属/ヘキチョウ	Passeriformes/Passeri/Passerida/Passeroidea/Estrildidae/Munia/White-headed Munia	order/suborder/parvorder /superfamily/family/genus/species
6_74	db/日本野鳥大鑑6/74 ブンチョウ.wav	6	74 ブンチョウ	ブンチョウ	Q25185408	Lonchura oryzivora	ブンチョウ	Q25341/Q194240/Q764420/Q749521/Q214462/Q852860/Q25185408	スズメ目/スズメ亜目/スズメ小目/スズメ上科/カエデチョウ科/キンパラ属/ブンチョウ	Passeriformes/Passeri/Passerida/Passeroidea/Estrildidae/Munia/Lonchura oryzivora	order/suborder/parvorder /superfamily/family/genus/species
6_76	db/日本野鳥大鑑6/76 ホオジロムクドリ.wav	6	76 ホオジロムクドリ	ホオジロムクドリ	Q27075597	Asian Pied Starling	ホオジロムクドリ	Q25341/Q185237/Q3770027/Q27075597	スズメ目/ムクドリ科/Gracupica/ホオジロムクドリ	Passeriformes/Sturnidae/Gracupica/Asian Pied Starling	order/family/genus/species
6_77	db/日本野鳥大鑑6/77 インドハッカ.wav	6	77 インドハッカ	インドハッカ	Q116667	Common Myna	インドハッカ	Q185237/Q136358/Q116667	ムクドリ科/Acridotheres/インドハッカ	Sturnidae/Acridotheres/Common Myna	family/genus/species
6_78	db/日本野鳥大鑑6/78 ハッカチョウ.wav	6	78 ハッカチョウ	ハッカチョウ	Q715819	Crested Myna	ハッカチョウ	Q185237/Q136358/Q715819	ムクドリ科/Acridotheres/ハッカチョウ	Sturnidae/Acridotheres/Crested Myna	family/genus/species
6_79	db/日本野鳥大鑑6/79 キュウカンチョウ.wav	6	79 キュウカンチョウ	キュウカンチョウ	Q337416	Common Hill Myna	キュウカンチョウ	Q25341/Q185237/Q259424/Q337416	スズメ目/ムクドリ科/Gracula/キュウカンチョウ	Passeriformes/Sturnidae/Gracula/Common Hill Myna	order/family/genus/species
6_80	db/日本野鳥大鑑6/80 ヤマムスメ.wav	6	80 ヤマムスメ	ヤマムスメ	Q94533	Taiwan Blue Magpie	ヤマムスメ	Q25341/Q194240/Q869223/Q15998878/Q25565/Q904303/Q94533	スズメ目/スズメ亜目/カラス小目/カラス上科/カラス科/Urocissa/ヤマムスメ	Passeriformes/Passeri/Corvida/Corvoidea/Corvidae/Urocissa/Taiwan Blue Magpie	order/suborder/infraorder/superfamily/family/genus/species
1_41	db/日本野鳥大鑑1/41 オオヒシクイ.wav	1	41 オオヒシクイ	オオヒシクイ	Q26452			Q853058/Q21651/Q16124376/Q7556/Q620938/Q82562/Q183361/Q26452	キジカモ類/カモ目/Anatoidea/カモ科/ガン亜科/ガン族/マガン属/ヒシクイ	Galloanserae/Anseriformes/Anatoidea/Anatidae/Anserinae/Anserini/Anser/Bean Goose	superorder/order/superfamily/family/subfamily/tribe/genus/species'
2_11	db/日本野鳥大鑑2/11 オガサワラノスリ.wav	2	11 オガサワラノスリ	オガサワラノスリ	Q1152577			Q25510/Q235152/Q1152577	タカ科/ノスリ属/ノスリ	Accipitridae/Buteo/Eastern Buzzard	family/genus/species
2_35	db/日本野鳥大鑑2/35 リュウキュウヒクイナ.wav	2	35 リュウキュウヒクイナ	リュウキュウヒクイナ	Q1076585			Q835525/Q1076585	Porzana/ヒクイナ	Porzana/Ruddy-breasted Crake	genus/species
3_20	db/日本野鳥大鑑3/20 ハジブトウミガラス.wav	3	20 ハジブトウミガラス	ハジブトウミガラス	Q728682			Q838599/Q728682	ウミガラス属/ハシブトウミガラス	Uria/Thick-billed Murre	genus/species
3_42	db/日本野鳥大鑑3/42 ダイトウコノハズク.wav	3	42 ダイトウコノハズク	ダイトウコノハズク	Q1267153			Q5881279/Q25222/Q26012/Q832329/Q1267153	Strigimorphae/フクロウ目/フクロウ科/コノハズク属/オオコノハズク	Strigimorphae/Strigiformes/Strigidae/Otus/Sunda Scops Owl	superorder/order/family/genus/species
3_44	db/日本野鳥大鑑3/44 リュウキュウオオコノハズク.wav	3	44 リュウキュウオオコノハズク	リュウキュウオオコノハズク	Q1267153			Q5881279/Q25222/Q26012/Q832329/Q1267153	Strigimorphae/フクロウ目/フクロウ科/コノハズク属/オオコノハズク	Strigimorphae/Strigiformes/Strigidae/Otus/Sunda Scops Owl	superorder/order/family/genus/species
3_68	db/日本野鳥大鑑3/68 オーストンオオアカゲラ.wav	3	68 オーストンオオアカゲラ	オーストンオオアカゲラ	Q207290			Q5113/Q19168/Q2330918/Q11965316/Q25934/Q25439/Q561145/Q723059/Q207290	Q5113/新顎類/Neoaves/Dendrornithes/キツツキ目/キツツキ科/Picinae/Dendrocopos/オオアカゲラ	Neognathae/Neoaves/Dendrornithes/Piciformes/Picidae/Picinae/Dendrocopos/White-backed Woodpecker	Unknown/subclass/superorder/order/family/subfamily/genus/species
4_12	db/日本野鳥大鑑4/12 ホオジロハクセキレイ.wav	4	12 ホオジロハクセキレイ	ホオジロハクセキレイ	Q2897097			Q25399/Q2897097	タイリクハクセキレイ/ハクセキレイ	White Wagtail/Motacilla alba lugens	species/subspecies
4_26	db/日本野鳥大鑑4/26 シマアカモズ.wav	4	26 シマアカモズ	シマアカモズ	Q790616			Q25341/Q171052/Q754657/Q790616	スズメ目/モズ科/モズ属/アカモズ	Passeriformes/Laniidae/Lanius/Brown Shrike	order/family/genus/species
4_31	db/日本野鳥大鑑4/31 モスケミソサザイ.wav	4	31 モスケミソサザイ	モスケミソサザイ	Q25740			Q25341/Q208304/Q3888717/Q25740	スズメ目/ミソサザイ科/Troglodytes/ミソサザイ	Passeriformes/Troglodytidae/Troglodytes/Eurasian Wren	order/family/genus/species
5_09	db/日本野鳥大鑑5/09 コメボソムシクイ.wav	5	09 コメボソムシクイ	コメボソムシクイ	Q720497			Q194240/Q1929497/Q214627/Q720497	スズメ亜目/メボソムシクイ科/Phylloscopus/メボソムシクイ	Passeri/Phylloscopidae/Phylloscopus/Arctic Warbler	suborder/family/genus/species
5_19	db/日本野鳥大鑑5/19 リュウキュウキビタキ.wav	5	19 リュウキュウキビタキ	リュウキュウキビタキ	Q1367236			Q388003/Q1367236	Ficedula/キビタキ	Ficedula/Narcissus Flycatcher	genus/species
5_24	db/日本野鳥大鑑5/24 リュウキュウサンコウチョウ.wav	5	24 リュウキュウサンコウチョウ	リュウキュウサンコウチョウ	Q1074163			Q902469/Q1074163	アフリカ三光鳥/サンコウチョウ	paradise flycatcher/Japanese Paradise Flycatcher	genus/species
5_26	db/日本野鳥大鑑5/26 シマエナガ.wav	5	26 シマエナガ	シマエナガ	Q170831			Q310850/Q170831	Aegithalos/エナガ	Aegithalos/Long-tailed Tit	genus/species
5_35	db/日本野鳥大鑑5/35 イシガキシジュウカラ.wav	5	35 イシガキシジュウカラ	イシガキシジュウカラ	Q177798			Q719380/Q177798	カラ類/シジュウカラ	Parus/Japanese Tit	genus/species
5_37	db/日本野鳥大鑑5/37 シロハラゴジュウカラ.wav	5	37 シロハラゴジュウカラ	シロハラゴジュウカラ	Q156767			Q25341/Q194240/Q205857/Q858577/Q156767	スズメ目/スズメ亜目/ゴジュウカラ科/ゴジュウカラ科/ゴジュウカラ	Passeriformes/Passeri/Sittidae/Sitta/Eurasian nuthatch	order/suborder/family/genus/species
5_40	db/日本野鳥大鑑5/40 シチトウメジロ.wav	5	40 シチトウメジロ	シチトウメジロ	Q700028			Q371086/Q226900/Q700028	メジロ科/Zosterops/メジロ	Zosteropidae/Zosterops/Japanese White-eye	family/genus/species
5_41	db/日本野鳥大鑑5/41 リュウキュウメジロ.wav	5	41 リュウキュウメジロ	リュウキュウメジロ	Q700028			Q371086/Q226900/Q700028	メジロ科/Zosterops/メジロ	Zosteropidae/Zosterops/Japanese White-eye	family/genus/species
6_27	db/日本野鳥大鑑6/27 ミヤマカケス.wav	6	27 ミヤマカケス	ミヤマカケス	Q25354			Q311248/Q25354	カケス属/カケス	Garrulus/Eurasian Jay	genus/species
6_49	db/日本野鳥大鑑6/49 ドバト.wav	6	49 ドバト	ドバト	Q42326			Q28078/Q10856/Q209239/Q42326	ハト目/ハト科/カワラバト属/カワラバト	Columbiformes/Columbidae/Columba/Rock Dove	order/family/genus/species
6_72	db/日本野鳥大鑑6/72 ギンハシ.wav	6	72 ギンハシ	ギンハシ	Q27075729			Q25341/Q194240/Q764420/Q749521/Q214462/Q992589/Q27075729	スズメ目/スズメ亜目/スズメ小目/スズメ上科/カエデチョウ科/Euodice/ギンバシ	Passeriformes/Passeri/Passerida/Passeroidea/Estrildidae/Euodice/White-throated Munia	order/suborder/parvorder /superfamily/family/genus/species
